[
  {
    "tables_involved":"hive.cdo.fact_upi_transactions_snapshot_v3",
    "column_names":"amount",
    "alias_column_name":"amount",
    "source_or_derived":"source",
    "derived_column_logic":"NA"
  },
  {
    "tables_involved":"hive.cdo.fact_upi_transactions_snapshot_v3",
    "column_names":"category",
    "alias_column_name":"category",
    "source_or_derived":"source",
    "derived_column_logic":"NA"
  },
  {
    "tables_involved":"hive.cdo.fact_upi_transactions_snapshot_v3",
    "column_names":"channel",
    "alias_column_name":"channel",
    "source_or_derived":"source",
    "derived_column_logic":"NA"
  },
  {
    "tables_involved":"hive.cdo.fact_upi_transactions_snapshot_v3",
    "column_names":"cust_id",
    "alias_column_name":"cust_id",
    "source_or_derived":"source",
    "derived_column_logic":"NA"
  },
  {
    "tables_involved":"hive.cdo.fact_upi_transactions_snapshot_v3",
    "column_names":"customer_id",
    "alias_column_name":"customer_id",
    "source_or_derived":"source",
    "derived_column_logic":"NA"
  },
  {
    "tables_involved":"hive.cdo.fact_upi_transactions_snapshot_v3",
    "column_names":"customer_id_payer",
    "alias_column_name":"customer_id_payer",
    "source_or_derived":"source",
    "derived_column_logic":"NA"
  },
  {
    "tables_involved":"hive.cdo.fact_upi_transactions_snapshot_v3",
    "column_names":"dt",
    "alias_column_name":"dt",
    "source_or_derived":"source",
    "derived_column_logic":"NA"
  },
  {
    "tables_involved":"hive.cdo.fact_upi_transactions_snapshot_v3",
    "column_names":"flow_category",
    "alias_column_name":"flow_category",
    "source_or_derived":"source",
    "derived_column_logic":"NA"
  },
  {
    "tables_involved":"hive.cdo.fact_upi_transactions_snapshot_v3",
    "column_names":"online_merchant_name",
    "alias_column_name":"online_merchant_name",
    "source_or_derived":"source",
    "derived_column_logic":"NA"
  },
  {
    "tables_involved":"hive.cdo.fact_upi_transactions_snapshot_v3",
    "column_names":"payee_vpa",
    "alias_column_name":"payee_vpa",
    "source_or_derived":"source",
    "derived_column_logic":"NA"
  },
  {
    "tables_involved":"hive.cdo.fact_upi_transactions_snapshot_v3",
    "column_names":"payer_handle",
    "alias_column_name":"payer_handle",
    "source_or_derived":"source",
    "derived_column_logic":"NA"
  },
  {
    "tables_involved":"hive.cdo.fact_upi_transactions_snapshot_v3",
    "column_names":"status",
    "alias_column_name":"status",
    "source_or_derived":"source",
    "derived_column_logic":"NA"
  },
  {
    "tables_involved":"hive.cdo.fact_upi_transactions_snapshot_v3",
    "column_names":"transaction_date_key",
    "alias_column_name":"transaction_date_key",
    "source_or_derived":"source",
    "derived_column_logic":"NA"
  },
  {
    "tables_involved":"hive.cdo.fact_upi_transactions_snapshot_v3",
    "column_names":"transaction_type",
    "alias_column_name":"transaction_type",
    "source_or_derived":"source",
    "derived_column_logic":"NA"
  },
  {
    "tables_involved":"hive.cdo.fact_upi_transactions_snapshot_v3",
    "column_names":"txn_date",
    "alias_column_name":"txn_date",
    "source_or_derived":"source",
    "derived_column_logic":"NA"
  },
  {
    "tables_involved":"hive.cdo.fact_upi_transactions_snapshot_v3",
    "column_names":"txn_id",
    "alias_column_name":"txn_id",
    "source_or_derived":"source",
    "derived_column_logic":"NA"
  },
  {
    "tables_involved":"hive.cdo.fact_upi_transactions_snapshot_v3",
    "column_names":"txn_timestamp",
    "alias_column_name":"txn_timestamp",
    "source_or_derived":"source",
    "derived_column_logic":"NA"
  },
  {
    "tables_involved":"hive.cdo.fact_upi_transactions_snapshot_v3",
    "column_names":"user_type",
    "alias_column_name":"user_type",
    "source_or_derived":"source",
    "derived_column_logic":"NA"
  },
  {
    "tables_involved":"hive.user_paytm_payments.ft_base_with_mapping_raw_rolling_nrr_with_online",
    "column_names":"LMTD_New_Users",
    "alias_column_name":"LMTD_New_Users",
    "source_or_derived":"source",
    "derived_column_logic":"NA"
  },
  {
    "tables_involved":"hive.user_paytm_payments.ft_base_with_mapping_raw_rolling_nrr_with_online",
    "column_names":"LMTD_React2Mplus_Users",
    "alias_column_name":"LMTD_React2Mplus_Users",
    "source_or_derived":"source",
    "derived_column_logic":"NA"
  },
  {
    "tables_involved":"hive.user_paytm_payments.ft_base_with_mapping_raw_rolling_nrr_with_online",
    "column_names":"MTD_New_Users",
    "alias_column_name":"MTD_New_Users",
    "source_or_derived":"source",
    "derived_column_logic":"NA"
  },
  {
    "tables_involved":"hive.user_paytm_payments.ft_base_with_mapping_raw_rolling_nrr_with_online",
    "column_names":"MTD_React2Mplus_Users",
    "alias_column_name":"MTD_React2Mplus_Users",
    "source_or_derived":"source",
    "derived_column_logic":"NA"
  },
  {
    "tables_involved":"hive.user_paytm_payments.ft_base_with_mapping_raw_rolling_nrr_with_online",
    "column_names":"amount",
    "alias_column_name":"amount",
    "source_or_derived":"source",
    "derived_column_logic":"NA"
  },
  {
    "tables_involved":"hive.user_paytm_payments.ft_base_with_mapping_raw_rolling_nrr_with_online",
    "column_names":"category",
    "alias_column_name":"category",
    "source_or_derived":"source",
    "derived_column_logic":"NA"
  },
  {
    "tables_involved":"hive.user_paytm_payments.ft_base_with_mapping_raw_rolling_nrr_with_online",
    "column_names":"channel",
    "alias_column_name":"channel",
    "source_or_derived":"source",
    "derived_column_logic":"NA"
  },
  {
    "tables_involved":"hive.user_paytm_payments.ft_base_with_mapping_raw_rolling_nrr_with_online",
    "column_names":"cust_id",
    "alias_column_name":"cust_id",
    "source_or_derived":"source",
    "derived_column_logic":"NA"
  },
  {
    "tables_involved":"hive.user_paytm_payments.ft_base_with_mapping_raw_rolling_nrr_with_online",
    "column_names":"customer_id",
    "alias_column_name":"customer_id",
    "source_or_derived":"source",
    "derived_column_logic":"NA"
  },
  {
    "tables_involved":"hive.user_paytm_payments.ft_base_with_mapping_raw_rolling_nrr_with_online",
    "column_names":"customer_id_payer",
    "alias_column_name":"customer_id_payer",
    "source_or_derived":"source",
    "derived_column_logic":"NA"
  },
  {
    "tables_involved":"hive.user_paytm_payments.ft_base_with_mapping_raw_rolling_nrr_with_online",
    "column_names":"day_id",
    "alias_column_name":"day_id",
    "source_or_derived":"source",
    "derived_column_logic":"NA"
  },
  {
    "tables_involved":"hive.user_paytm_payments.ft_base_with_mapping_raw_rolling_nrr_with_online",
    "column_names":"dt",
    "alias_column_name":"dt",
    "source_or_derived":"source",
    "derived_column_logic":"NA"
  },
  {
    "tables_involved":"hive.user_paytm_payments.ft_base_with_mapping_raw_rolling_nrr_with_online",
    "column_names":"final_category",
    "alias_column_name":"final_category",
    "source_or_derived":"source",
    "derived_column_logic":"NA"
  },
  {
    "tables_involved":"hive.user_paytm_payments.ft_base_with_mapping_raw_rolling_nrr_with_online",
    "column_names":"flow_category",
    "alias_column_name":"flow_category",
    "source_or_derived":"source",
    "derived_column_logic":"NA"
  },
  {
    "tables_involved":"hive.user_paytm_payments.ft_base_with_mapping_raw_rolling_nrr_with_online",
    "column_names":"online_merchant_name",
    "alias_column_name":"online_merchant_name",
    "source_or_derived":"source",
    "derived_column_logic":"NA"
  },
  {
    "tables_involved":"hive.user_paytm_payments.ft_base_with_mapping_raw_rolling_nrr_with_online",
    "column_names":"payee_vpa",
    "alias_column_name":"payee_vpa",
    "source_or_derived":"source",
    "derived_column_logic":"NA"
  },
  {
    "tables_involved":"hive.user_paytm_payments.ft_base_with_mapping_raw_rolling_nrr_with_online",
    "column_names":"payer_cust_id",
    "alias_column_name":"payer_cust_id",
    "source_or_derived":"source",
    "derived_column_logic":"NA"
  },
  {
    "tables_involved":"hive.user_paytm_payments.ft_base_with_mapping_raw_rolling_nrr_with_online",
    "column_names":"payer_handle",
    "alias_column_name":"payer_handle",
    "source_or_derived":"source",
    "derived_column_logic":"NA"
  },
  {
    "tables_involved":"hive.user_paytm_payments.ft_base_with_mapping_raw_rolling_nrr_with_online",
    "column_names":"paytm_user_type",
    "alias_column_name":"paytm_user_type",
    "source_or_derived":"source",
    "derived_column_logic":"NA"
  },
  {
    "tables_involved":"hive.user_paytm_payments.ft_base_with_mapping_raw_rolling_nrr_with_online",
    "column_names":"period",
    "alias_column_name":"period",
    "source_or_derived":"source",
    "derived_column_logic":"NA"
  },
  {
    "tables_involved":"hive.user_paytm_payments.ft_base_with_mapping_raw_rolling_nrr_with_online",
    "column_names":"status",
    "alias_column_name":"status",
    "source_or_derived":"source",
    "derived_column_logic":"NA"
  },
  {
    "tables_involved":"hive.user_paytm_payments.ft_base_with_mapping_raw_rolling_nrr_with_online",
    "column_names":"transaction_date_key",
    "alias_column_name":"transaction_date_key",
    "source_or_derived":"source",
    "derived_column_logic":"NA"
  },
  {
    "tables_involved":"hive.user_paytm_payments.ft_base_with_mapping_raw_rolling_nrr_with_online",
    "column_names":"transaction_type",
    "alias_column_name":"transaction_type",
    "source_or_derived":"source",
    "derived_column_logic":"NA"
  },
  {
    "tables_involved":"hive.user_paytm_payments.ft_base_with_mapping_raw_rolling_nrr_with_online",
    "column_names":"txn_date",
    "alias_column_name":"txn_date",
    "source_or_derived":"source",
    "derived_column_logic":"NA"
  },
  {
    "tables_involved":"hive.user_paytm_payments.ft_base_with_mapping_raw_rolling_nrr_with_online",
    "column_names":"txn_id",
    "alias_column_name":"txn_id",
    "source_or_derived":"source",
    "derived_column_logic":"NA"
  },
  {
    "tables_involved":"hive.user_paytm_payments.ft_base_with_mapping_raw_rolling_nrr_with_online",
    "column_names":"txn_timestamp",
    "alias_column_name":"txn_timestamp",
    "source_or_derived":"source",
    "derived_column_logic":"NA"
  },
  {
    "tables_involved":"hive.user_paytm_payments.ft_base_with_mapping_raw_rolling_nrr_with_online",
    "column_names":"user_type",
    "alias_column_name":"user_type",
    "source_or_derived":"source",
    "derived_column_logic":"NA"
  },
  {
    "tables_involved":"hive.user_paytm_payments.ft_base_with_mapping_raw_rolling_nrr_with_online_cm",
    "column_names":"LMTD_New_Users",
    "alias_column_name":"LMTD_New_Users",
    "source_or_derived":"source",
    "derived_column_logic":"NA"
  },
  {
    "tables_involved":"hive.user_paytm_payments.ft_base_with_mapping_raw_rolling_nrr_with_online_cm",
    "column_names":"LMTD_React2Mplus_Users",
    "alias_column_name":"LMTD_React2Mplus_Users",
    "source_or_derived":"source",
    "derived_column_logic":"NA"
  },
  {
    "tables_involved":"hive.user_paytm_payments.ft_base_with_mapping_raw_rolling_nrr_with_online_cm",
    "column_names":"MTD_New_Users",
    "alias_column_name":"MTD_New_Users",
    "source_or_derived":"source",
    "derived_column_logic":"NA"
  },
  {
    "tables_involved":"hive.user_paytm_payments.ft_base_with_mapping_raw_rolling_nrr_with_online_cm",
    "column_names":"MTD_React2Mplus_Users",
    "alias_column_name":"MTD_React2Mplus_Users",
    "source_or_derived":"source",
    "derived_column_logic":"NA"
  },
  {
    "tables_involved":"hive.user_paytm_payments.ft_base_with_mapping_raw_rolling_nrr_with_online_cm",
    "column_names":"amount",
    "alias_column_name":"amount",
    "source_or_derived":"source",
    "derived_column_logic":"NA"
  },
  {
    "tables_involved":"hive.user_paytm_payments.ft_base_with_mapping_raw_rolling_nrr_with_online_cm",
    "column_names":"category",
    "alias_column_name":"category",
    "source_or_derived":"source",
    "derived_column_logic":"NA"
  },
  {
    "tables_involved":"hive.user_paytm_payments.ft_base_with_mapping_raw_rolling_nrr_with_online_cm",
    "column_names":"channel",
    "alias_column_name":"channel",
    "source_or_derived":"source",
    "derived_column_logic":"NA"
  },
  {
    "tables_involved":"hive.user_paytm_payments.ft_base_with_mapping_raw_rolling_nrr_with_online_cm",
    "column_names":"cust_id",
    "alias_column_name":"cust_id",
    "source_or_derived":"source",
    "derived_column_logic":"NA"
  },
  {
    "tables_involved":"hive.user_paytm_payments.ft_base_with_mapping_raw_rolling_nrr_with_online_cm",
    "column_names":"customer_id",
    "alias_column_name":"customer_id",
    "source_or_derived":"source",
    "derived_column_logic":"NA"
  },
  {
    "tables_involved":"hive.user_paytm_payments.ft_base_with_mapping_raw_rolling_nrr_with_online_cm",
    "column_names":"customer_id_payer",
    "alias_column_name":"customer_id_payer",
    "source_or_derived":"source",
    "derived_column_logic":"NA"
  },
  {
    "tables_involved":"hive.user_paytm_payments.ft_base_with_mapping_raw_rolling_nrr_with_online_cm",
    "column_names":"day_id",
    "alias_column_name":"day_id",
    "source_or_derived":"source",
    "derived_column_logic":"NA"
  },
  {
    "tables_involved":"hive.user_paytm_payments.ft_base_with_mapping_raw_rolling_nrr_with_online_cm",
    "column_names":"dt",
    "alias_column_name":"dt",
    "source_or_derived":"source",
    "derived_column_logic":"NA"
  },
  {
    "tables_involved":"hive.user_paytm_payments.ft_base_with_mapping_raw_rolling_nrr_with_online_cm",
    "column_names":"final_category",
    "alias_column_name":"final_category",
    "source_or_derived":"source",
    "derived_column_logic":"NA"
  },
  {
    "tables_involved":"hive.user_paytm_payments.ft_base_with_mapping_raw_rolling_nrr_with_online_cm",
    "column_names":"flow_category",
    "alias_column_name":"flow_category",
    "source_or_derived":"source",
    "derived_column_logic":"NA"
  },
  {
    "tables_involved":"hive.user_paytm_payments.ft_base_with_mapping_raw_rolling_nrr_with_online_cm",
    "column_names":"online_merchant_name",
    "alias_column_name":"online_merchant_name",
    "source_or_derived":"source",
    "derived_column_logic":"NA"
  },
  {
    "tables_involved":"hive.user_paytm_payments.ft_base_with_mapping_raw_rolling_nrr_with_online_cm",
    "column_names":"payee_vpa",
    "alias_column_name":"payee_vpa",
    "source_or_derived":"source",
    "derived_column_logic":"NA"
  },
  {
    "tables_involved":"hive.user_paytm_payments.ft_base_with_mapping_raw_rolling_nrr_with_online_cm",
    "column_names":"payer_cust_id",
    "alias_column_name":"payer_cust_id",
    "source_or_derived":"source",
    "derived_column_logic":"NA"
  },
  {
    "tables_involved":"hive.user_paytm_payments.ft_base_with_mapping_raw_rolling_nrr_with_online_cm",
    "column_names":"payer_handle",
    "alias_column_name":"payer_handle",
    "source_or_derived":"source",
    "derived_column_logic":"NA"
  },
  {
    "tables_involved":"hive.user_paytm_payments.ft_base_with_mapping_raw_rolling_nrr_with_online_cm",
    "column_names":"paytm_user_type",
    "alias_column_name":"paytm_user_type",
    "source_or_derived":"source",
    "derived_column_logic":"NA"
  },
  {
    "tables_involved":"hive.user_paytm_payments.ft_base_with_mapping_raw_rolling_nrr_with_online_cm",
    "column_names":"period",
    "alias_column_name":"period",
    "source_or_derived":"source",
    "derived_column_logic":"NA"
  },
  {
    "tables_involved":"hive.user_paytm_payments.ft_base_with_mapping_raw_rolling_nrr_with_online_cm",
    "column_names":"status",
    "alias_column_name":"status",
    "source_or_derived":"source",
    "derived_column_logic":"NA"
  },
  {
    "tables_involved":"hive.user_paytm_payments.ft_base_with_mapping_raw_rolling_nrr_with_online_cm",
    "column_names":"transaction_date_key",
    "alias_column_name":"transaction_date_key",
    "source_or_derived":"source",
    "derived_column_logic":"NA"
  },
  {
    "tables_involved":"hive.user_paytm_payments.ft_base_with_mapping_raw_rolling_nrr_with_online_cm",
    "column_names":"transaction_type",
    "alias_column_name":"transaction_type",
    "source_or_derived":"source",
    "derived_column_logic":"NA"
  },
  {
    "tables_involved":"hive.user_paytm_payments.ft_base_with_mapping_raw_rolling_nrr_with_online_cm",
    "column_names":"txn_date",
    "alias_column_name":"txn_date",
    "source_or_derived":"source",
    "derived_column_logic":"NA"
  },
  {
    "tables_involved":"hive.user_paytm_payments.ft_base_with_mapping_raw_rolling_nrr_with_online_cm",
    "column_names":"txn_id",
    "alias_column_name":"txn_id",
    "source_or_derived":"source",
    "derived_column_logic":"NA"
  },
  {
    "tables_involved":"hive.user_paytm_payments.ft_base_with_mapping_raw_rolling_nrr_with_online_cm",
    "column_names":"txn_timestamp",
    "alias_column_name":"txn_timestamp",
    "source_or_derived":"source",
    "derived_column_logic":"NA"
  },
  {
    "tables_involved":"hive.user_paytm_payments.ft_base_with_mapping_raw_rolling_nrr_with_online_cm",
    "column_names":"user_type",
    "alias_column_name":"user_type",
    "source_or_derived":"source",
    "derived_column_logic":"NA"
  },
  {
    "tables_involved":"hive.user_paytm_payments.rolling_nrr_v1",
    "column_names":"LMTD_New_Users",
    "alias_column_name":"LMTD New + React Users",
    "source_or_derived":"derived",
    "derived_column_logic":"SUM(LMTD_New_Users) + SUM(LMTD_React2Mplus_Users)"
  },
  {
    "tables_involved":"hive.user_paytm_payments.rolling_nrr_v1",
    "column_names":"LMTD_New_Users",
    "alias_column_name":"LMTD New Users",
    "source_or_derived":"derived",
    "derived_column_logic":"sum(\"LMTD_New_Users\")"
  },
  {
    "tables_involved":"hive.user_paytm_payments.rolling_nrr_v1",
    "column_names":"LMTD_New_Users",
    "alias_column_name":"LMTD_New_Users",
    "source_or_derived":"source",
    "derived_column_logic":"NA"
  },
  {
    "tables_involved":"hive.user_paytm_payments.rolling_nrr_v1",
    "column_names":"LMTD_React2Mplus_Users",
    "alias_column_name":"LMTD React Users",
    "source_or_derived":"derived",
    "derived_column_logic":"sum(\"LMTD_React2Mplus_Users\")"
  },
  {
    "tables_involved":"hive.user_paytm_payments.rolling_nrr_v1",
    "column_names":"LMTD_React2Mplus_Users",
    "alias_column_name":"LMTD_React2Mplus_Users",
    "source_or_derived":"source",
    "derived_column_logic":"NA"
  },
  {
    "tables_involved":"hive.user_paytm_payments.rolling_nrr_v1",
    "column_names":"MTD_New_Users",
    "alias_column_name":"MTD New + React Users",
    "source_or_derived":"derived",
    "derived_column_logic":"SUM(MTD_New_Users) + SUM(MTD_React2Mplus_Users)"
  },
  {
    "tables_involved":"hive.user_paytm_payments.rolling_nrr_v1",
    "column_names":"MTD_New_Users",
    "alias_column_name":"MTD New users",
    "source_or_derived":"derived",
    "derived_column_logic":"sum(\"MTD_New_Users\")"
  },
  {
    "tables_involved":"hive.user_paytm_payments.rolling_nrr_v1",
    "column_names":"MTD_New_Users",
    "alias_column_name":"MTD_New_Users",
    "source_or_derived":"source",
    "derived_column_logic":"NA"
  },
  {
    "tables_involved":"hive.user_paytm_payments.rolling_nrr_v1",
    "column_names":"MTD_New_Users",
    "alias_column_name":"New user Growth",
    "source_or_derived":"derived",
    "derived_column_logic":"(SUM(MTD_New_Users)*1.0000)\/(SUM(LMTD_New_Users)*1.0000)-1"
  },
  {
    "tables_involved":"hive.user_paytm_payments.rolling_nrr_v1",
    "column_names":"MTD_New_Users",
    "alias_column_name":"New+React User Growth",
    "source_or_derived":"derived",
    "derived_column_logic":"((SUM(MTD_New_Users) + SUM(MTD_React2Mplus_Users))*1.0000)\/((SUM(LMTD_New_Users) + SUM(LMTD_React2Mplus_Users))*1.0000) - 1"
  },
  {
    "tables_involved":"hive.user_paytm_payments.rolling_nrr_v1",
    "column_names":"MTD_React2Mplus_Users",
    "alias_column_name":"MTD React Users",
    "source_or_derived":"derived",
    "derived_column_logic":"sum(\"MTD_React2Mplus_Users\")"
  },
  {
    "tables_involved":"hive.user_paytm_payments.rolling_nrr_v1",
    "column_names":"MTD_React2Mplus_Users",
    "alias_column_name":"MTD_React2Mplus_Users",
    "source_or_derived":"source",
    "derived_column_logic":"NA"
  },
  {
    "tables_involved":"hive.user_paytm_payments.rolling_nrr_v1",
    "column_names":"MTD_React2Mplus_Users",
    "alias_column_name":"React User Growth",
    "source_or_derived":"derived",
    "derived_column_logic":"(SUM(MTD_React2Mplus_Users)*1.0000)\/(SUM(LMTD_React2Mplus_Users)*1.0000)-1"
  },
  {
    "tables_involved":"hive.user_paytm_payments.rolling_nrr_v1",
    "column_names":"amount",
    "alias_column_name":"amount",
    "source_or_derived":"source",
    "derived_column_logic":"NA"
  },
  {
    "tables_involved":"hive.user_paytm_payments.rolling_nrr_v1",
    "column_names":"category",
    "alias_column_name":"category",
    "source_or_derived":"source",
    "derived_column_logic":"NA"
  },
  {
    "tables_involved":"hive.user_paytm_payments.rolling_nrr_v1",
    "column_names":"channel",
    "alias_column_name":"channel",
    "source_or_derived":"source",
    "derived_column_logic":"NA"
  },
  {
    "tables_involved":"hive.user_paytm_payments.rolling_nrr_v1",
    "column_names":"cust_id",
    "alias_column_name":"cust_id",
    "source_or_derived":"source",
    "derived_column_logic":"NA"
  },
  {
    "tables_involved":"hive.user_paytm_payments.rolling_nrr_v1",
    "column_names":"customer_id",
    "alias_column_name":"LMTD_New_Users",
    "source_or_derived":"derived",
    "derived_column_logic":"count(distinct case when a.paytm_user_type = 'New' and a.period = 'LMTD' then  a.payer_cust_id end)"
  },
  {
    "tables_involved":"hive.user_paytm_payments.rolling_nrr_v1",
    "column_names":"customer_id",
    "alias_column_name":"LMTD_React2Mplus_Users",
    "source_or_derived":"derived",
    "derived_column_logic":"count(distinct case when a.paytm_user_type = 'React_2M+' and a.period = 'LMTD' then  a.payer_cust_id end)"
  },
  {
    "tables_involved":"hive.user_paytm_payments.rolling_nrr_v1",
    "column_names":"customer_id",
    "alias_column_name":"MTD_New_Users",
    "source_or_derived":"derived",
    "derived_column_logic":"count(distinct case when a.paytm_user_type = 'New' and a.period = 'MTD' then  a.payer_cust_id end)"
  },
  {
    "tables_involved":"hive.user_paytm_payments.rolling_nrr_v1",
    "column_names":"customer_id",
    "alias_column_name":"MTD_React2Mplus_Users",
    "source_or_derived":"derived",
    "derived_column_logic":"count(distinct case when a.paytm_user_type = 'React_2M+' and a.period = 'MTD' then  a.payer_cust_id end)"
  },
  {
    "tables_involved":"hive.user_paytm_payments.rolling_nrr_v1",
    "column_names":"customer_id",
    "alias_column_name":"customer_id",
    "source_or_derived":"source",
    "derived_column_logic":"NA"
  },
  {
    "tables_involved":"hive.user_paytm_payments.rolling_nrr_v1",
    "column_names":"customer_id",
    "alias_column_name":"users_lmtd",
    "source_or_derived":"derived",
    "derived_column_logic":"sum(case when period = 'LMTD' then users end)"
  },
  {
    "tables_involved":"hive.user_paytm_payments.rolling_nrr_v1",
    "column_names":"customer_id",
    "alias_column_name":"users_mtd",
    "source_or_derived":"derived",
    "derived_column_logic":"sum(case when period = 'MTD' then users end)"
  },
  {
    "tables_involved":"hive.user_paytm_payments.rolling_nrr_v1",
    "column_names":"customer_id_payer",
    "alias_column_name":"customer_id_payer",
    "source_or_derived":"source",
    "derived_column_logic":"NA"
  },
  {
    "tables_involved":"hive.user_paytm_payments.rolling_nrr_v1",
    "column_names":"day_id",
    "alias_column_name":"day_id",
    "source_or_derived":"source",
    "derived_column_logic":"NA"
  },
  {
    "tables_involved":"hive.user_paytm_payments.rolling_nrr_v1",
    "column_names":"dt",
    "alias_column_name":"dt",
    "source_or_derived":"source",
    "derived_column_logic":"NA"
  },
  {
    "tables_involved":"hive.user_paytm_payments.rolling_nrr_v1",
    "column_names":"final_category",
    "alias_column_name":"final_category",
    "source_or_derived":"source",
    "derived_column_logic":"NA"
  },
  {
    "tables_involved":"hive.user_paytm_payments.rolling_nrr_v1",
    "column_names":"flow_category",
    "alias_column_name":"flow_category",
    "source_or_derived":"source",
    "derived_column_logic":"NA"
  },
  {
    "tables_involved":"hive.user_paytm_payments.rolling_nrr_v1",
    "column_names":"online_merchant_name",
    "alias_column_name":"online_merchant_name",
    "source_or_derived":"source",
    "derived_column_logic":"NA"
  },
  {
    "tables_involved":"hive.user_paytm_payments.rolling_nrr_v1",
    "column_names":"payee_vpa",
    "alias_column_name":"payee_vpa",
    "source_or_derived":"source",
    "derived_column_logic":"NA"
  },
  {
    "tables_involved":"hive.user_paytm_payments.rolling_nrr_v1",
    "column_names":"payer_cust_id",
    "alias_column_name":"payer_cust_id",
    "source_or_derived":"source",
    "derived_column_logic":"NA"
  },
  {
    "tables_involved":"hive.user_paytm_payments.rolling_nrr_v1",
    "column_names":"payer_cust_id",
    "alias_column_name":"users",
    "source_or_derived":"derived",
    "derived_column_logic":"COUNT(DISTINCT a.payer_cust_id)"
  },
  {
    "tables_involved":"hive.user_paytm_payments.rolling_nrr_v1",
    "column_names":"payer_handle",
    "alias_column_name":"payer_handle",
    "source_or_derived":"source",
    "derived_column_logic":"NA"
  },
  {
    "tables_involved":"hive.user_paytm_payments.rolling_nrr_v1",
    "column_names":"paytm_user_type",
    "alias_column_name":"paytm_user_type",
    "source_or_derived":"source",
    "derived_column_logic":"NA"
  },
  {
    "tables_involved":"hive.user_paytm_payments.rolling_nrr_v1",
    "column_names":"period",
    "alias_column_name":"period",
    "source_or_derived":"source",
    "derived_column_logic":"NA"
  },
  {
    "tables_involved":"hive.user_paytm_payments.rolling_nrr_v1",
    "column_names":"status",
    "alias_column_name":"status",
    "source_or_derived":"source",
    "derived_column_logic":"NA"
  },
  {
    "tables_involved":"hive.user_paytm_payments.rolling_nrr_v1",
    "column_names":"transaction_date_key",
    "alias_column_name":"transaction_date_key",
    "source_or_derived":"source",
    "derived_column_logic":"NA"
  },
  {
    "tables_involved":"hive.user_paytm_payments.rolling_nrr_v1",
    "column_names":"transaction_type",
    "alias_column_name":"transaction_type",
    "source_or_derived":"source",
    "derived_column_logic":"NA"
  },
  {
    "tables_involved":"hive.user_paytm_payments.rolling_nrr_v1",
    "column_names":"txn_date",
    "alias_column_name":"txn_date",
    "source_or_derived":"source",
    "derived_column_logic":"NA"
  },
  {
    "tables_involved":"hive.user_paytm_payments.rolling_nrr_v1",
    "column_names":"txn_id",
    "alias_column_name":"txn_id",
    "source_or_derived":"source",
    "derived_column_logic":"NA"
  },
  {
    "tables_involved":"hive.user_paytm_payments.rolling_nrr_v1",
    "column_names":"txn_timestamp",
    "alias_column_name":"txn_timestamp",
    "source_or_derived":"source",
    "derived_column_logic":"NA"
  },
  {
    "tables_involved":"hive.user_paytm_payments.rolling_nrr_v1",
    "column_names":"user_type",
    "alias_column_name":"paytm_user_type",
    "source_or_derived":"derived",
    "derived_column_logic":"CASE WHEN user_type = 'New' THEN 'New' WHEN user_type = 'Repeat' THEN 'Repeat' ELSE 'React_2M+' END"
  },
  {
    "tables_involved":"hive.user_paytm_payments.rolling_nrr_v1",
    "column_names":"user_type",
    "alias_column_name":"user_type",
    "source_or_derived":"source",
    "derived_column_logic":"NA"
  },
  {
    "tables_involved":"hive.user_paytm_payments.rolling_nrr_v1",
    "column_names":"users_lmtd",
    "alias_column_name":"LMTD Users",
    "source_or_derived":"derived",
    "derived_column_logic":"sum(users_lmtd)"
  },
  {
    "tables_involved":"hive.user_paytm_payments.rolling_nrr_v1",
    "column_names":"users_mtd",
    "alias_column_name":"MTD User Growth",
    "source_or_derived":"derived",
    "derived_column_logic":"(SUM(users_mtd)*1.0000) \/ (SUM(users_lmtd)*1.0000) -1"
  },
  {
    "tables_involved":"hive.user_paytm_payments.rolling_nrr_v1",
    "column_names":"users_mtd",
    "alias_column_name":"MTD Users",
    "source_or_derived":"derived",
    "derived_column_logic":"sum(users_mtd)"
  },
  {
    "tables_involved":"hive.user_paytm_payments.top1000_merchnats_nov_dec_and_offeractive_ss",
    "column_names":"amount",
    "alias_column_name":"amount",
    "source_or_derived":"source",
    "derived_column_logic":"NA"
  },
  {
    "tables_involved":"hive.user_paytm_payments.top1000_merchnats_nov_dec_and_offeractive_ss",
    "column_names":"category",
    "alias_column_name":"category",
    "source_or_derived":"source",
    "derived_column_logic":"NA"
  },
  {
    "tables_involved":"hive.user_paytm_payments.top1000_merchnats_nov_dec_and_offeractive_ss",
    "column_names":"channel",
    "alias_column_name":"channel",
    "source_or_derived":"source",
    "derived_column_logic":"NA"
  },
  {
    "tables_involved":"hive.user_paytm_payments.top1000_merchnats_nov_dec_and_offeractive_ss",
    "column_names":"cust_id",
    "alias_column_name":"cust_id",
    "source_or_derived":"source",
    "derived_column_logic":"NA"
  },
  {
    "tables_involved":"hive.user_paytm_payments.top1000_merchnats_nov_dec_and_offeractive_ss",
    "column_names":"customer_id",
    "alias_column_name":"customer_id",
    "source_or_derived":"source",
    "derived_column_logic":"NA"
  },
  {
    "tables_involved":"hive.user_paytm_payments.top1000_merchnats_nov_dec_and_offeractive_ss",
    "column_names":"customer_id_payer",
    "alias_column_name":"customer_id_payer",
    "source_or_derived":"source",
    "derived_column_logic":"NA"
  },
  {
    "tables_involved":"hive.user_paytm_payments.top1000_merchnats_nov_dec_and_offeractive_ss",
    "column_names":"dt",
    "alias_column_name":"dt",
    "source_or_derived":"source",
    "derived_column_logic":"NA"
  },
  {
    "tables_involved":"hive.user_paytm_payments.top1000_merchnats_nov_dec_and_offeractive_ss",
    "column_names":"flow_category",
    "alias_column_name":"flow_category",
    "source_or_derived":"source",
    "derived_column_logic":"NA"
  },
  {
    "tables_involved":"hive.user_paytm_payments.top1000_merchnats_nov_dec_and_offeractive_ss",
    "column_names":"online_merchant_name",
    "alias_column_name":"online_merchant_name",
    "source_or_derived":"source",
    "derived_column_logic":"NA"
  },
  {
    "tables_involved":"hive.user_paytm_payments.top1000_merchnats_nov_dec_and_offeractive_ss",
    "column_names":"payee_vpa",
    "alias_column_name":"payee_vpa",
    "source_or_derived":"source",
    "derived_column_logic":"NA"
  },
  {
    "tables_involved":"hive.user_paytm_payments.top1000_merchnats_nov_dec_and_offeractive_ss",
    "column_names":"payer_handle",
    "alias_column_name":"payer_handle",
    "source_or_derived":"source",
    "derived_column_logic":"NA"
  },
  {
    "tables_involved":"hive.user_paytm_payments.top1000_merchnats_nov_dec_and_offeractive_ss",
    "column_names":"status",
    "alias_column_name":"status",
    "source_or_derived":"source",
    "derived_column_logic":"NA"
  },
  {
    "tables_involved":"hive.user_paytm_payments.top1000_merchnats_nov_dec_and_offeractive_ss",
    "column_names":"transaction_date_key",
    "alias_column_name":"transaction_date_key",
    "source_or_derived":"source",
    "derived_column_logic":"NA"
  },
  {
    "tables_involved":"hive.user_paytm_payments.top1000_merchnats_nov_dec_and_offeractive_ss",
    "column_names":"transaction_type",
    "alias_column_name":"transaction_type",
    "source_or_derived":"source",
    "derived_column_logic":"NA"
  },
  {
    "tables_involved":"hive.user_paytm_payments.top1000_merchnats_nov_dec_and_offeractive_ss",
    "column_names":"txn_date",
    "alias_column_name":"txn_date",
    "source_or_derived":"source",
    "derived_column_logic":"NA"
  },
  {
    "tables_involved":"hive.user_paytm_payments.top1000_merchnats_nov_dec_and_offeractive_ss",
    "column_names":"txn_id",
    "alias_column_name":"txn_id",
    "source_or_derived":"source",
    "derived_column_logic":"NA"
  },
  {
    "tables_involved":"hive.user_paytm_payments.top1000_merchnats_nov_dec_and_offeractive_ss",
    "column_names":"txn_timestamp",
    "alias_column_name":"txn_timestamp",
    "source_or_derived":"source",
    "derived_column_logic":"NA"
  },
  {
    "tables_involved":"hive.user_paytm_payments.top1000_merchnats_nov_dec_and_offeractive_ss",
    "column_names":"user_type",
    "alias_column_name":"user_type",
    "source_or_derived":"source",
    "derived_column_logic":"NA"
  },
  {
    "tables_involved":"hive.user_paytm_payments.upi_3p_online_merchant_vpa_mapping",
    "column_names":"LMTD_New_Users",
    "alias_column_name":"LMTD_New_Users",
    "source_or_derived":"source",
    "derived_column_logic":"NA"
  },
  {
    "tables_involved":"hive.user_paytm_payments.upi_3p_online_merchant_vpa_mapping",
    "column_names":"LMTD_React2Mplus_Users",
    "alias_column_name":"LMTD_React2Mplus_Users",
    "source_or_derived":"source",
    "derived_column_logic":"NA"
  },
  {
    "tables_involved":"hive.user_paytm_payments.upi_3p_online_merchant_vpa_mapping",
    "column_names":"MTD_New_Users",
    "alias_column_name":"MTD_New_Users",
    "source_or_derived":"source",
    "derived_column_logic":"NA"
  },
  {
    "tables_involved":"hive.user_paytm_payments.upi_3p_online_merchant_vpa_mapping",
    "column_names":"MTD_React2Mplus_Users",
    "alias_column_name":"MTD_React2Mplus_Users",
    "source_or_derived":"source",
    "derived_column_logic":"NA"
  },
  {
    "tables_involved":"hive.user_paytm_payments.upi_3p_online_merchant_vpa_mapping",
    "column_names":"amount",
    "alias_column_name":"amount",
    "source_or_derived":"source",
    "derived_column_logic":"NA"
  },
  {
    "tables_involved":"hive.user_paytm_payments.upi_3p_online_merchant_vpa_mapping",
    "column_names":"category",
    "alias_column_name":"category",
    "source_or_derived":"source",
    "derived_column_logic":"NA"
  },
  {
    "tables_involved":"hive.user_paytm_payments.upi_3p_online_merchant_vpa_mapping",
    "column_names":"channel",
    "alias_column_name":"channel",
    "source_or_derived":"source",
    "derived_column_logic":"NA"
  },
  {
    "tables_involved":"hive.user_paytm_payments.upi_3p_online_merchant_vpa_mapping",
    "column_names":"cust_id",
    "alias_column_name":"cust_id",
    "source_or_derived":"source",
    "derived_column_logic":"NA"
  },
  {
    "tables_involved":"hive.user_paytm_payments.upi_3p_online_merchant_vpa_mapping",
    "column_names":"customer_id",
    "alias_column_name":"customer_id",
    "source_or_derived":"source",
    "derived_column_logic":"NA"
  },
  {
    "tables_involved":"hive.user_paytm_payments.upi_3p_online_merchant_vpa_mapping",
    "column_names":"customer_id_payer",
    "alias_column_name":"customer_id_payer",
    "source_or_derived":"source",
    "derived_column_logic":"NA"
  },
  {
    "tables_involved":"hive.user_paytm_payments.upi_3p_online_merchant_vpa_mapping",
    "column_names":"day_id",
    "alias_column_name":"day_id",
    "source_or_derived":"source",
    "derived_column_logic":"NA"
  },
  {
    "tables_involved":"hive.user_paytm_payments.upi_3p_online_merchant_vpa_mapping",
    "column_names":"dl_last_updated",
    "alias_column_name":"dl_last_updated",
    "source_or_derived":"source",
    "derived_column_logic":"NA"
  },
  {
    "tables_involved":"hive.user_paytm_payments.upi_3p_online_merchant_vpa_mapping",
    "column_names":"dt",
    "alias_column_name":"dt",
    "source_or_derived":"source",
    "derived_column_logic":"NA"
  },
  {
    "tables_involved":"hive.user_paytm_payments.upi_3p_online_merchant_vpa_mapping",
    "column_names":"final_category",
    "alias_column_name":"final_category",
    "source_or_derived":"source",
    "derived_column_logic":"NA"
  },
  {
    "tables_involved":"hive.user_paytm_payments.upi_3p_online_merchant_vpa_mapping",
    "column_names":"flow_category",
    "alias_column_name":"flow_category",
    "source_or_derived":"source",
    "derived_column_logic":"NA"
  },
  {
    "tables_involved":"hive.user_paytm_payments.upi_3p_online_merchant_vpa_mapping",
    "column_names":"n_txns",
    "alias_column_name":"n_txns",
    "source_or_derived":"source",
    "derived_column_logic":"NA"
  },
  {
    "tables_involved":"hive.user_paytm_payments.upi_3p_online_merchant_vpa_mapping",
    "column_names":"online_merchant_name",
    "alias_column_name":"online_merchant_name",
    "source_or_derived":"source",
    "derived_column_logic":"NA"
  },
  {
    "tables_involved":"hive.user_paytm_payments.upi_3p_online_merchant_vpa_mapping",
    "column_names":"payee_vpa",
    "alias_column_name":"payee_vpa",
    "source_or_derived":"source",
    "derived_column_logic":"NA"
  },
  {
    "tables_involved":"hive.user_paytm_payments.upi_3p_online_merchant_vpa_mapping",
    "column_names":"payer_cust_id",
    "alias_column_name":"payer_cust_id",
    "source_or_derived":"source",
    "derived_column_logic":"NA"
  },
  {
    "tables_involved":"hive.user_paytm_payments.upi_3p_online_merchant_vpa_mapping",
    "column_names":"payer_handle",
    "alias_column_name":"payer_handle",
    "source_or_derived":"source",
    "derived_column_logic":"NA"
  },
  {
    "tables_involved":"hive.user_paytm_payments.upi_3p_online_merchant_vpa_mapping",
    "column_names":"paytm_user_type",
    "alias_column_name":"paytm_user_type",
    "source_or_derived":"source",
    "derived_column_logic":"NA"
  },
  {
    "tables_involved":"hive.user_paytm_payments.upi_3p_online_merchant_vpa_mapping",
    "column_names":"period",
    "alias_column_name":"period",
    "source_or_derived":"source",
    "derived_column_logic":"NA"
  },
  {
    "tables_involved":"hive.user_paytm_payments.upi_3p_online_merchant_vpa_mapping",
    "column_names":"status",
    "alias_column_name":"status",
    "source_or_derived":"source",
    "derived_column_logic":"NA"
  },
  {
    "tables_involved":"hive.user_paytm_payments.upi_3p_online_merchant_vpa_mapping",
    "column_names":"transaction_date_key",
    "alias_column_name":"transaction_date_key",
    "source_or_derived":"source",
    "derived_column_logic":"NA"
  },
  {
    "tables_involved":"hive.user_paytm_payments.upi_3p_online_merchant_vpa_mapping",
    "column_names":"transaction_type",
    "alias_column_name":"transaction_type",
    "source_or_derived":"source",
    "derived_column_logic":"NA"
  },
  {
    "tables_involved":"hive.user_paytm_payments.upi_3p_online_merchant_vpa_mapping",
    "column_names":"txn_date",
    "alias_column_name":"txn_date",
    "source_or_derived":"source",
    "derived_column_logic":"NA"
  },
  {
    "tables_involved":"hive.user_paytm_payments.upi_3p_online_merchant_vpa_mapping",
    "column_names":"txn_id",
    "alias_column_name":"txn_id",
    "source_or_derived":"source",
    "derived_column_logic":"NA"
  },
  {
    "tables_involved":"hive.user_paytm_payments.upi_3p_online_merchant_vpa_mapping",
    "column_names":"txn_timestamp",
    "alias_column_name":"txn_timestamp",
    "source_or_derived":"source",
    "derived_column_logic":"NA"
  },
  {
    "tables_involved":"hive.user_paytm_payments.upi_3p_online_merchant_vpa_mapping",
    "column_names":"user_type",
    "alias_column_name":"user_type",
    "source_or_derived":"source",
    "derived_column_logic":"NA"
  },
  {
    "tables_involved":"hive.user_paytm_payments.upi_3p_online_merchant_vpa_mapping_V1",
    "column_names":"day_id",
    "alias_column_name":"day_id",
    "source_or_derived":"source",
    "derived_column_logic":"NA"
  },
  {
    "tables_involved":"hive.user_paytm_payments.upi_3p_online_merchant_vpa_mapping_V1",
    "column_names":"final_category",
    "alias_column_name":"final_category",
    "source_or_derived":"source",
    "derived_column_logic":"NA"
  },
  {
    "tables_involved":"hive.user_paytm_payments.upi_3p_online_merchant_vpa_mapping_V1",
    "column_names":"online_merchant_name",
    "alias_column_name":"Live_MTU",
    "source_or_derived":"derived",
    "derived_column_logic":"SUM(1) filter (where lower(online_merchant_name) IN ('flipkart','Reliance','blinkit','zomato','swiggy','meesho','bharti','zepto','rapido','myntra','vodafone','mpokket','bookmyshow','gokwik','jar','district','kreditbee','bigbasket','jiomart','cashfree','urban company','fancode','Paytm PG','tataplay','hungerbox','nykaa','ola cabs','burger king','stage','magicpin','zee5','DMRC Momentum','1mg','apollo','ajio','firstcry','chartr','eatclub','kfc','pharmeasy','zivame','pvr','snapdeal','gaana com','bbdaily','ketto online ventures pvt','ferns n petal','gullak','rentomojo','dish tv','chaupal tv','healthians','tata play binge','rail yatri','igp','aha media','bakingo','nearbuy','netmeds','Intrcity','d2h','freeup','floweraura','bix42','walmart'))"
  },
  {
    "tables_involved":"hive.user_paytm_payments.upi_3p_online_merchant_vpa_mapping_V1",
    "column_names":"online_merchant_name",
    "alias_column_name":"Non_Live_MTU",
    "source_or_derived":"derived",
    "derived_column_logic":"SUM(1) filter (where lower(online_merchant_name) Not IN ('flipkart','Reliance','blinkit','zomato','swiggy','meesho','bharti','zepto','rapido','myntra','vodafone','mpokket','bookmyshow','gokwik','jar','district','kreditbee','bigbasket','jiomart','cashfree','urban company','fancode','Paytm PG','tataplay','hungerbox','nykaa','ola cabs','burger king','stage','magicpin','zee5','DMRC Momentum','1mg','apollo','ajio','firstcry','chartr','eatclub','kfc','pharmeasy','zivame','pvr','snapdeal','gaana com','bbdaily','ketto online ventures pvt','ferns n petal','gullak','rentomojo','dish tv','chaupal tv','healthians','tata play binge','rail yatri','igp','aha media','bakingo','nearbuy','netmeds','Intrcity','d2h','freeup','floweraura','bix42','walmart'))"
  },
  {
    "tables_involved":"hive.user_paytm_payments.upi_3p_online_merchant_vpa_mapping_V1",
    "column_names":"online_merchant_name",
    "alias_column_name":"Top_15_MTU",
    "source_or_derived":"derived",
    "derived_column_logic":"SUM(1) filter (where lower(online_merchant_name) IN ('meesho','flipkart','zomato','Reliance','Myntra','bharti','gokwik','swiggy','rapido','blinkit','zepto','bookmyshow','mpokket','jar','vodafone'))"
  },
  {
    "tables_involved":"hive.user_paytm_payments.upi_3p_online_merchant_vpa_mapping_V1",
    "column_names":"online_merchant_name",
    "alias_column_name":"online_merchant_name",
    "source_or_derived":"source",
    "derived_column_logic":"NA"
  },
  {
    "tables_involved":"hive.user_paytm_payments.upi_3p_online_merchant_vpa_mapping_V1",
    "column_names":"payee_vpa",
    "alias_column_name":"payee_vpa",
    "source_or_derived":"source",
    "derived_column_logic":"NA"
  },
  {
    "tables_involved":"hive.user_paytm_payments.upi_3p_online_merchant_vpa_mapping_V1",
    "column_names":"payer_cust_id",
    "alias_column_name":"payer_cust_id",
    "source_or_derived":"source",
    "derived_column_logic":"NA"
  },
  {
    "tables_involved":"hive.user_paytm_payments.upi_3p_online_merchant_vpa_mapping_V1",
    "column_names":"updated_on",
    "alias_column_name":"updated_on",
    "source_or_derived":"source",
    "derived_column_logic":"NA"
  },
  {
    "tables_involved":"hive.user_paytm_payments.upi_abhay",
    "column_names":"LMTD_New_Users",
    "alias_column_name":"LMTD_New_Users",
    "source_or_derived":"source",
    "derived_column_logic":"NA"
  },
  {
    "tables_involved":"hive.user_paytm_payments.upi_abhay",
    "column_names":"LMTD_React2Mplus_Users",
    "alias_column_name":"LMTD_React2Mplus_Users",
    "source_or_derived":"source",
    "derived_column_logic":"NA"
  },
  {
    "tables_involved":"hive.user_paytm_payments.upi_abhay",
    "column_names":"MTD_New_Users",
    "alias_column_name":"MTD_New_Users",
    "source_or_derived":"source",
    "derived_column_logic":"NA"
  },
  {
    "tables_involved":"hive.user_paytm_payments.upi_abhay",
    "column_names":"MTD_React2Mplus_Users",
    "alias_column_name":"MTD_React2Mplus_Users",
    "source_or_derived":"source",
    "derived_column_logic":"NA"
  },
  {
    "tables_involved":"hive.user_paytm_payments.upi_abhay",
    "column_names":"amount",
    "alias_column_name":"amount",
    "source_or_derived":"source",
    "derived_column_logic":"NA"
  },
  {
    "tables_involved":"hive.user_paytm_payments.upi_abhay",
    "column_names":"amount",
    "alias_column_name":"gmv",
    "source_or_derived":"derived",
    "derived_column_logic":"SUM(amount)"
  },
  {
    "tables_involved":"hive.user_paytm_payments.upi_abhay",
    "column_names":"amount",
    "alias_column_name":"gmv_lmtd",
    "source_or_derived":"derived",
    "derived_column_logic":"sum(case when period = 'LMTD' then gmv end)"
  },
  {
    "tables_involved":"hive.user_paytm_payments.upi_abhay",
    "column_names":"amount",
    "alias_column_name":"gmv_mtd",
    "source_or_derived":"derived",
    "derived_column_logic":"sum(case when period = 'MTD' then gmv end)"
  },
  {
    "tables_involved":"hive.user_paytm_payments.upi_abhay",
    "column_names":"channel",
    "alias_column_name":"channel",
    "source_or_derived":"source",
    "derived_column_logic":"NA"
  },
  {
    "tables_involved":"hive.user_paytm_payments.upi_abhay",
    "column_names":"cust_id",
    "alias_column_name":"cust_id",
    "source_or_derived":"source",
    "derived_column_logic":"NA"
  },
  {
    "tables_involved":"hive.user_paytm_payments.upi_abhay",
    "column_names":"customer_id",
    "alias_column_name":"customer_id",
    "source_or_derived":"source",
    "derived_column_logic":"NA"
  },
  {
    "tables_involved":"hive.user_paytm_payments.upi_abhay",
    "column_names":"day_id",
    "alias_column_name":"day_id",
    "source_or_derived":"source",
    "derived_column_logic":"NA"
  },
  {
    "tables_involved":"hive.user_paytm_payments.upi_abhay",
    "column_names":"day_id",
    "alias_column_name":"day_id__",
    "source_or_derived":"derived",
    "derived_column_logic":"day(b.day_id)"
  },
  {
    "tables_involved":"hive.user_paytm_payments.upi_abhay",
    "column_names":"day_id",
    "alias_column_name":"mnt",
    "source_or_derived":"derived",
    "derived_column_logic":"date_trunc('day', CAST(mnt AS TIMESTAMP))"
  },
  {
    "tables_involved":"hive.user_paytm_payments.upi_abhay",
    "column_names":"dt",
    "alias_column_name":"dt",
    "source_or_derived":"source",
    "derived_column_logic":"NA"
  },
  {
    "tables_involved":"hive.user_paytm_payments.upi_abhay",
    "column_names":"final_category",
    "alias_column_name":"final_category",
    "source_or_derived":"source",
    "derived_column_logic":"NA"
  },
  {
    "tables_involved":"hive.user_paytm_payments.upi_abhay",
    "column_names":"gmv_lmtd",
    "alias_column_name":"LMTD Gmv",
    "source_or_derived":"derived",
    "derived_column_logic":"sum(gmv_lmtd)"
  },
  {
    "tables_involved":"hive.user_paytm_payments.upi_abhay",
    "column_names":"gmv_mtd",
    "alias_column_name":"MTD Gmv",
    "source_or_derived":"derived",
    "derived_column_logic":"sum(gmv_mtd)"
  },
  {
    "tables_involved":"hive.user_paytm_payments.upi_abhay",
    "column_names":"gmv_mtd",
    "alias_column_name":"MTD Gmv Growth",
    "source_or_derived":"derived",
    "derived_column_logic":"(SUM(gmv_mtd)*1.0000) \/ (SUM(gmv_lmtd)*1.0000) -1"
  },
  {
    "tables_involved":"hive.user_paytm_payments.upi_abhay",
    "column_names":"online_merchant_name",
    "alias_column_name":"online_merchant_name",
    "source_or_derived":"source",
    "derived_column_logic":"NA"
  },
  {
    "tables_involved":"hive.user_paytm_payments.upi_abhay",
    "column_names":"payee_vpa",
    "alias_column_name":"payee_vpa",
    "source_or_derived":"source",
    "derived_column_logic":"NA"
  },
  {
    "tables_involved":"hive.user_paytm_payments.upi_abhay",
    "column_names":"payer_cust_id",
    "alias_column_name":"Live_Merchants",
    "source_or_derived":"derived",
    "derived_column_logic":"sum(\"Live_Merchants\")"
  },
  {
    "tables_involved":"hive.user_paytm_payments.upi_abhay",
    "column_names":"payer_cust_id",
    "alias_column_name":"Non_Live(Excl. Live)",
    "source_or_derived":"derived",
    "derived_column_logic":"sum(\"Non_live(Excl. Live)\")"
  },
  {
    "tables_involved":"hive.user_paytm_payments.upi_abhay",
    "column_names":"payer_cust_id",
    "alias_column_name":"Overall_MTU",
    "source_or_derived":"derived",
    "derived_column_logic":"sum(\"total_Mtd\")"
  },
  {
    "tables_involved":"hive.user_paytm_payments.upi_abhay",
    "column_names":"payer_cust_id",
    "alias_column_name":"Overall_MTU__",
    "source_or_derived":"derived",
    "derived_column_logic":"sum(\"Overall_MTU\")"
  },
  {
    "tables_involved":"hive.user_paytm_payments.upi_abhay",
    "column_names":"payer_cust_id",
    "alias_column_name":"Top_15_Merch",
    "source_or_derived":"derived",
    "derived_column_logic":"sum(\"Top_15_Merch\")"
  },
  {
    "tables_involved":"hive.user_paytm_payments.upi_abhay",
    "column_names":"payer_cust_id",
    "alias_column_name":"Top_merc",
    "source_or_derived":"derived",
    "derived_column_logic":"count(distinct payer_cust_id) filter(where coalesce(Top_15_MTU,0)>=1)"
  },
  {
    "tables_involved":"hive.user_paytm_payments.upi_abhay",
    "column_names":"payer_cust_id",
    "alias_column_name":"live_",
    "source_or_derived":"derived",
    "derived_column_logic":"count(distinct payer_cust_id) filter(where coalesce(Live_MTU,0)>=1)"
  },
  {
    "tables_involved":"hive.user_paytm_payments.upi_abhay",
    "column_names":"payer_cust_id",
    "alias_column_name":"non_live_exc_live",
    "source_or_derived":"derived",
    "derived_column_logic":"count(distinct payer_cust_id) filter(where coalesce(Live_MTU,0) =0 and coalesce(Non_Live_MTU,0)>=1)"
  },
  {
    "tables_involved":"hive.user_paytm_payments.upi_abhay",
    "column_names":"payer_cust_id",
    "alias_column_name":"payer_cust_id",
    "source_or_derived":"source",
    "derived_column_logic":"NA"
  },
  {
    "tables_involved":"hive.user_paytm_payments.upi_abhay",
    "column_names":"payer_cust_id",
    "alias_column_name":"total_Mtd",
    "source_or_derived":"derived",
    "derived_column_logic":"count(distinct payer_cust_id)"
  },
  {
    "tables_involved":"hive.user_paytm_payments.upi_abhay",
    "column_names":"paytm_user_type",
    "alias_column_name":"paytm_user_type",
    "source_or_derived":"source",
    "derived_column_logic":"NA"
  },
  {
    "tables_involved":"hive.user_paytm_payments.upi_abhay",
    "column_names":"period",
    "alias_column_name":"period",
    "source_or_derived":"source",
    "derived_column_logic":"NA"
  },
  {
    "tables_involved":"hive.user_paytm_payments.upi_abhay",
    "column_names":"txn_date",
    "alias_column_name":"txn_date",
    "source_or_derived":"source",
    "derived_column_logic":"NA"
  },
  {
    "tables_involved":"hive.user_paytm_payments.upi_abhay",
    "column_names":"txn_id",
    "alias_column_name":"n_txns",
    "source_or_derived":"derived",
    "derived_column_logic":"COUNT(txn_id)"
  },
  {
    "tables_involved":"hive.user_paytm_payments.upi_abhay",
    "column_names":"txn_id",
    "alias_column_name":"txn_id",
    "source_or_derived":"source",
    "derived_column_logic":"NA"
  },
  {
    "tables_involved":"hive.user_paytm_payments.upi_abhay",
    "column_names":"txn_id",
    "alias_column_name":"txns_lmtd",
    "source_or_derived":"derived",
    "derived_column_logic":"sum(case when period = 'LMTD' then n_txns end)"
  },
  {
    "tables_involved":"hive.user_paytm_payments.upi_abhay",
    "column_names":"txn_id",
    "alias_column_name":"txns_mtd",
    "source_or_derived":"derived",
    "derived_column_logic":"sum(case when period = 'MTD' then n_txns end)"
  },
  {
    "tables_involved":"hive.user_paytm_payments.upi_abhay",
    "column_names":"txn_timestamp",
    "alias_column_name":"rnk",
    "source_or_derived":"derived",
    "derived_column_logic":"ROW_NUMBER() OVER (PARTITION BY payer_cust_id ORDER BY txn_timestamp ASC)"
  },
  {
    "tables_involved":"hive.user_paytm_payments.upi_abhay",
    "column_names":"txn_timestamp",
    "alias_column_name":"txn_timestamp",
    "source_or_derived":"source",
    "derived_column_logic":"NA"
  },
  {
    "tables_involved":"hive.user_paytm_payments.upi_abhay",
    "column_names":"txns_lmtd",
    "alias_column_name":"LMTD TPU",
    "source_or_derived":"derived",
    "derived_column_logic":"sum(txns_lmtd*1.00)\/sum(users_lmtd*1.00)"
  },
  {
    "tables_involved":"hive.user_paytm_payments.upi_abhay",
    "column_names":"txns_lmtd",
    "alias_column_name":"LMTD Txns",
    "source_or_derived":"derived",
    "derived_column_logic":"sum(txns_lmtd)"
  },
  {
    "tables_involved":"hive.user_paytm_payments.upi_abhay",
    "column_names":"txns_mtd",
    "alias_column_name":"MTD Txn Growth",
    "source_or_derived":"derived",
    "derived_column_logic":"(SUM(txns_mtd)*1.0000) \/ (SUM(txns_lmtd)*1.0000) -1"
  },
  {
    "tables_involved":"hive.user_paytm_payments.upi_abhay",
    "column_names":"txns_mtd",
    "alias_column_name":"MTD Txns",
    "source_or_derived":"derived",
    "derived_column_logic":"sum(txns_mtd)"
  },
  {
    "tables_involved":"hive.user_paytm_payments.upi_abhay",
    "column_names":"txns_mtd",
    "alias_column_name":"TPU",
    "source_or_derived":"derived",
    "derived_column_logic":"sum(txns_mtd*1.00)\/sum(users_mtd*1.00)"
  },
  {
    "tables_involved":"hive.user_paytm_payments.upi_abhay",
    "column_names":"updated_on",
    "alias_column_name":"updated_on",
    "source_or_derived":"source",
    "derived_column_logic":"NA"
  },
  {
    "tables_involved":"hive.user_paytm_payments.upi_abhay",
    "column_names":"user_type",
    "alias_column_name":"user_type",
    "source_or_derived":"source",
    "derived_column_logic":"NA"
  },
  {
    "tables_involved":"hive.user_paytm_payments.upi_flow_wise_base_cm",
    "column_names":"dl_last_updated",
    "alias_column_name":"dl_last_updated",
    "source_or_derived":"source",
    "derived_column_logic":"NA"
  },
  {
    "tables_involved":"hive.user_paytm_payments.upi_flow_wise_base_cm",
    "column_names":"final_category",
    "alias_column_name":"final_category",
    "source_or_derived":"source",
    "derived_column_logic":"NA"
  },
  {
    "tables_involved":"hive.user_paytm_payments.upi_flow_wise_base_cm",
    "column_names":"n_txns",
    "alias_column_name":"Txns(>100)",
    "source_or_derived":"derived",
    "derived_column_logic":"sum(n_txns)"
  },
  {
    "tables_involved":"hive.user_paytm_payments.upi_flow_wise_base_cm",
    "column_names":"n_txns",
    "alias_column_name":"n_txns",
    "source_or_derived":"source",
    "derived_column_logic":"NA"
  },
  {
    "tables_involved":"hive.user_paytm_payments.upi_flow_wise_base_cm",
    "column_names":"online_merchant_name",
    "alias_column_name":"online_merchant_name",
    "source_or_derived":"source",
    "derived_column_logic":"NA"
  },
  {
    "tables_involved":"hive.user_paytm_payments.upi_flow_wise_base_cm",
    "column_names":"payee_vpa",
    "alias_column_name":"payee_vpa",
    "source_or_derived":"source",
    "derived_column_logic":"NA"
  },
  {
    "tables_involved":"hive.user_paytm_payments.upi_flow_wise_base_cm",
    "column_names":"txn_id",
    "alias_column_name":"n_txns",
    "source_or_derived":"derived",
    "derived_column_logic":"count(txn_id)"
  },
  {
    "tables_involved":"hive.user_paytm_payments.upi_flow_wise_base_cm",
    "column_names":"txn_id",
    "alias_column_name":"txn_id",
    "source_or_derived":"source",
    "derived_column_logic":"NA"
  }
]