table_name,column_name,variable_type,column_description,required_flag
hive.code.campaign_snapshot_v3,amount,,"The amount column stores the base monetary value for campaign redemptions that gets converted to actual cash burn costs using redemption-type-specific formulas (coins divided by 166.67, goldcoins by 100, UPI plus 0.2478 fee). This column serves as the foundation for calculating campaign financial impact across different reward types.",no
hive.code.campaign_snapshot_v3,campaign,varchar,Identifies the promotional campaign or marketing offer associated with cashback transactions and supercash tasks. This column is used to categorize and analyze performance metrics across different promotional campaigns in the cashback system.,no
hive.code.campaign_snapshot_v3,created_at,timestamp(3),"Timestamp indicating when a campaign record was created in the system, used for temporal analysis and reporting in cashback campaign tracking, particularly for UPI-related financial transactions.",no
hive.code.campaign_snapshot_v3,dl_last_updated,date,"A date column that indicates when the record was last updated or loaded into the data lake, used for incremental data processing and filtering records based on their data freshness in the campaign snapshot table.",yes
hive.code.campaign_snapshot_v3,fulfillment_status,,"Indicates the fulfillment stage of cashback rewards, with values representing different states in the reward processing workflow (1=Pending, 2=Processing, 3=Given). This column is used to track and categorize the status of cashback distribution in campaign analytics.",no
hive.code.campaign_snapshot_v3,id,bigint,"Primary key identifier for campaign snapshot records in the campaign tracking system, used to uniquely identify each campaign snapshot entry for user reward and supercash campaigns.",yes
hive.code.campaign_snapshot_v3,info,varchar,"A JSON field containing metadata and configuration details for cashback campaigns, including scratch card information and transaction-specific data that can be parsed to extract campaign parameters and status indicators.",no
hive.code.campaign_snapshot_v3,redemption_type,varchar,"Specifies the type of cashback redemption method used in campaigns, with values like 'coins', 'goldcoins', and 'upi' that determine different calculation formulas for cashback amounts. This column categorizes how users redeem their rewards and is used to apply appropriate conversion rates for different redemption mechanisms.",no
hive.code.campaign_snapshot_v3,status,,"A numeric status code that tracks the lifecycle state of promotional campaigns or cashback tasks, where 1 indicates active/processed campaigns and 2 indicates inactive/unscratched campaigns, used in combination with fulfillment_status to determine final reward states.",no
hive.code.campaign_snapshot_v3,updated_at,timestamp(3),"Timestamp indicating when a campaign snapshot record was last updated, used to track the timing of cashback task modifications and filter records for month-to-date analysis of gratified users.",yes
hive.code.campaign_snapshot_v3,user_id,,"Unique identifier for users who have participated in cashback campaigns and redemption activities. This column is used to track and count distinct users who have received various types of rewards (coins, goldcoins, UPI cashback) for campaign performance analysis.",yes
hive.code.campaign_snapshot_v3,wallet,varchar,"The wallet column stores wallet identifier or wallet type information for users participating in promotional campaigns, used to track and analyze user engagement across different payment methods including UPI, coins, and goldcoins redemption systems.",no
hive.promocad.supercash_task_snapshot_v3,user_id,,"Unique identifier for users participating in the supercash rewards system, used to track distinct users who have received or are eligible for cashback rewards through various redemption methods including UPI transactions.",yes
hive.promocard.supercash_task_snapshot_v3,amount,"decimal(8,2)","Represents the base cashback amount in decimal format for supercash tasks, which gets converted using different formulas based on redemption type (coins, goldcoins, or UPI) to calculate the final cashback value displayed in dashboard reports.",no
hive.promocard.supercash_task_snapshot_v3,campaign,varchar,"Identifies the promotional campaign or marketing initiative associated with each supercash task, used for tracking and analyzing campaign-specific performance metrics like user engagement and cash burn rates.",no
hive.promocard.supercash_task_snapshot_v3,cashburn,,"A calculated monetary value representing the cash equivalent cost of rewards redeemed by users, standardized across different redemption types (coins, goldcoins, UPI) using specific conversion rates. This metric is used to track the total financial impact of promotional campaigns and reward distributions.",no
hive.promocard.supercash_task_snapshot_v3,created_at,timestamp(3),"Timestamp indicating when a supercash task record was originally created in the system. This field is used for temporal filtering and analysis in promotional campaigns, particularly for month-to-date user activity tracking and historical data segmentation.",no
hive.promocard.supercash_task_snapshot_v3,dl_last_updated,date,"A system-generated date field that tracks when each record in the supercash task snapshot was last updated during data pipeline processing, commonly used for filtering data within specific time ranges for analytics and reporting.",yes
hive.promocard.supercash_task_snapshot_v3,fulfillment_status,integer,"Indicates the fulfillment stage of supercash/cashback tasks, where integer values represent different states: 1 (Pending/Unscratched), 2 (Processing), and 3 (Given/Completed). This column is used together with the status field to track the progression of cashback rewards through the fulfillment pipeline.",no
hive.promocard.supercash_task_snapshot_v3,id,"decimal(20,0)","Unique identifier for each cashback task or transaction record in the supercash system, used to track individual UPI and other payment method cashback rewards through their lifecycle from creation to fulfillment.",yes
hive.promocard.supercash_task_snapshot_v3,info,varchar,"A JSON-formatted text field that stores additional metadata and details about supercash tasks and scratch cards, including fields like scratch card ID and scratched status that can be extracted for analysis and reporting.",no
hive.promocard.supercash_task_snapshot_v3,redemption_type,varchar,"Specifies the type of redemption method used for supercash rewards (e.g., 'coins', 'goldcoins', 'upi'), which determines the cashburn calculation formula and is used to categorize redemption activities in campaign performance tracking.",no
hive.promocard.supercash_task_snapshot_v3,status,integer,"Integer status code indicating the current state of a supercash task or cashback transaction, where 1 represents active/processed transactions and 2 represents unscratched/inactive transactions, used in conjunction with fulfillment_status to determine the final transaction state.",no
hive.promocard.supercash_task_snapshot_v3,updated_at,timestamp(3),"Timestamp indicating when the supercash task record was last updated, used to track temporal patterns of cashback reward processing and user gratification events with microsecond precision.",yes
hive.promocard.supercash_task_snapshot_v3,user_id,"decimal(20,0)",Unique identifier for users who have earned or are eligible for supercash/cashback rewards through various redemption types including UPI transactions. Used to track and count distinct users who have been gratified with cashback in promotional campaigns.,yes
hive.promocard.supercash_task_snapshot_v3,wallet,,"Column used to categorize or filter wallet-related transactions, specifically for UPI (Unified Payments Interface) payment method tracking in the supercash redemption system. This column enables the identification and counting of distinct users engaging with UPI-based wallet transactions.",no
hive.promocod.supercash_task_snapshot_v3,info,,"A JSON field containing metadata about cashback transactions and scratch card details, including properties like scratchCardId and scratched status that are extracted for cashback reward processing and user gratification tracking.",no
hive.promocoda.supercash_task_snapshot_v3,user_id,,"Unique identifier for users in the supercash rewards system, used to track and count distinct users who have received or are eligible for cashback rewards through various redemption methods including UPI transactions.",yes
