[
  {
    "tables_involved":"hive.code.campaign_snapshot_v3",
    "column_names":"amount",
    "alias_column_name":"amount",
    "source_or_derived":"source",
    "derived_column_logic":"NA"
  },
  {
    "tables_involved":"hive.code.campaign_snapshot_v3",
    "column_names":"campaign",
    "alias_column_name":"campaign",
    "source_or_derived":"source",
    "derived_column_logic":"NA"
  },
  {
    "tables_involved":"hive.code.campaign_snapshot_v3",
    "column_names":"created_at",
    "alias_column_name":"created_at",
    "source_or_derived":"source",
    "derived_column_logic":"NA"
  },
  {
    "tables_involved":"hive.code.campaign_snapshot_v3",
    "column_names":"dl_last_updated",
    "alias_column_name":"dl_last_updated",
    "source_or_derived":"source",
    "derived_column_logic":"NA"
  },
  {
    "tables_involved":"hive.code.campaign_snapshot_v3",
    "column_names":"fulfillment_status",
    "alias_column_name":"fulfillment_status",
    "source_or_derived":"source",
    "derived_column_logic":"NA"
  },
  {
    "tables_involved":"hive.code.campaign_snapshot_v3",
    "column_names":"id",
    "alias_column_name":"id",
    "source_or_derived":"source",
    "derived_column_logic":"NA"
  },
  {
    "tables_involved":"hive.code.campaign_snapshot_v3",
    "column_names":"info",
    "alias_column_name":"info",
    "source_or_derived":"source",
    "derived_column_logic":"NA"
  },
  {
    "tables_involved":"hive.code.campaign_snapshot_v3",
    "column_names":"redemption_type",
    "alias_column_name":"redemption_type",
    "source_or_derived":"source",
    "derived_column_logic":"NA"
  },
  {
    "tables_involved":"hive.code.campaign_snapshot_v3",
    "column_names":"status",
    "alias_column_name":"status",
    "source_or_derived":"source",
    "derived_column_logic":"NA"
  },
  {
    "tables_involved":"hive.code.campaign_snapshot_v3",
    "column_names":"updated_at",
    "alias_column_name":"updated_at",
    "source_or_derived":"source",
    "derived_column_logic":"NA"
  },
  {
    "tables_involved":"hive.code.campaign_snapshot_v3",
    "column_names":"user_id",
    "alias_column_name":"user_id",
    "source_or_derived":"source",
    "derived_column_logic":"NA"
  },
  {
    "tables_involved":"hive.code.campaign_snapshot_v3",
    "column_names":"wallet",
    "alias_column_name":"wallet",
    "source_or_derived":"source",
    "derived_column_logic":"NA"
  },
  {
    "tables_involved":"hive.promocad.supercash_task_snapshot_v3",
    "column_names":"user_id",
    "alias_column_name":"Cashback",
    "source_or_derived":"derived",
    "derived_column_logic":"count(DISTINCT user_id)"
  },
  {
    "tables_involved":"hive.promocard.supercash_task_snapshot_v3",
    "column_names":"amount",
    "alias_column_name":"SUM(cashburn)",
    "source_or_derived":"derived",
    "derived_column_logic":"sum(cashburn)"
  },
  {
    "tables_involved":"hive.promocard.supercash_task_snapshot_v3",
    "column_names":"amount",
    "alias_column_name":"amount",
    "source_or_derived":"source",
    "derived_column_logic":"NA"
  },
  {
    "tables_involved":"hive.promocard.supercash_task_snapshot_v3",
    "column_names":"amount",
    "alias_column_name":"cashburn",
    "source_or_derived":"derived",
    "derived_column_logic":"(case when a.redemption_type = 'coins' then (a.amount\/166.67) when a.redemption_type = 'goldcoins' then (a.amount\/100) when a.redemption_type = 'upi' then (a.amount+0.2478) else a.amount end)"
  },
  {
    "tables_involved":"hive.promocard.supercash_task_snapshot_v3",
    "column_names":"campaign",
    "alias_column_name":"campaign",
    "source_or_derived":"source",
    "derived_column_logic":"NA"
  },
  {
    "tables_involved":"hive.promocard.supercash_task_snapshot_v3",
    "column_names":"cashburn",
    "alias_column_name":"Cashback",
    "source_or_derived":"derived",
    "derived_column_logic":"sum(cashburn)"
  },
  {
    "tables_involved":"hive.promocard.supercash_task_snapshot_v3",
    "column_names":"created_at",
    "alias_column_name":"Date",
    "source_or_derived":"derived",
    "derived_column_logic":"date(created_at)"
  },
  {
    "tables_involved":"hive.promocard.supercash_task_snapshot_v3",
    "column_names":"created_at",
    "alias_column_name":"created_at",
    "source_or_derived":"source",
    "derived_column_logic":"NA"
  },
  {
    "tables_involved":"hive.promocard.supercash_task_snapshot_v3",
    "column_names":"dl_last_updated",
    "alias_column_name":"Date",
    "source_or_derived":"derived",
    "derived_column_logic":"date(dl_last_updated)"
  },
  {
    "tables_involved":"hive.promocard.supercash_task_snapshot_v3",
    "column_names":"dl_last_updated",
    "alias_column_name":"dl_last_updated",
    "source_or_derived":"source",
    "derived_column_logic":"NA"
  },
  {
    "tables_involved":"hive.promocard.supercash_task_snapshot_v3",
    "column_names":"fulfillment_status",
    "alias_column_name":"fulfillment_status",
    "source_or_derived":"source",
    "derived_column_logic":"NA"
  },
  {
    "tables_involved":"hive.promocard.supercash_task_snapshot_v3",
    "column_names":"id",
    "alias_column_name":"id",
    "source_or_derived":"source",
    "derived_column_logic":"NA"
  },
  {
    "tables_involved":"hive.promocard.supercash_task_snapshot_v3",
    "column_names":"info",
    "alias_column_name":"info",
    "source_or_derived":"source",
    "derived_column_logic":"NA"
  },
  {
    "tables_involved":"hive.promocard.supercash_task_snapshot_v3",
    "column_names":"info",
    "alias_column_name":"scratchCardId",
    "source_or_derived":"derived",
    "derived_column_logic":"json_extract_scalar(info, '$.scratchCardId')"
  },
  {
    "tables_involved":"hive.promocard.supercash_task_snapshot_v3",
    "column_names":"info",
    "alias_column_name":"scratched",
    "source_or_derived":"derived",
    "derived_column_logic":"json_extract_scalar(info, '$.scratched')"
  },
  {
    "tables_involved":"hive.promocard.supercash_task_snapshot_v3",
    "column_names":"redemption_type",
    "alias_column_name":"redemption_type",
    "source_or_derived":"source",
    "derived_column_logic":"NA"
  },
  {
    "tables_involved":"hive.promocard.supercash_task_snapshot_v3",
    "column_names":"status",
    "alias_column_name":"Status",
    "source_or_derived":"derived",
    "derived_column_logic":"case when a.status = 1 and a.fulfillment_status = 3 then 'Given' when a.status = 1 and a.fulfillment_status = 2 then 'Processing' when a.status = 2 and a.fulfillment_status = 1 then 'Unscratched' when a.status = 1 and a.fulfillment_status = 1 then 'Pending' end"
  },
  {
    "tables_involved":"hive.promocard.supercash_task_snapshot_v3",
    "column_names":"status",
    "alias_column_name":"status",
    "source_or_derived":"source",
    "derived_column_logic":"NA"
  },
  {
    "tables_involved":"hive.promocard.supercash_task_snapshot_v3",
    "column_names":"status",
    "alias_column_name":"status_1",
    "source_or_derived":"derived",
    "derived_column_logic":"case when a.status = 1 and a.fulfillment_status = 3 then 'Given' when a.status = 1 and a.fulfillment_status = 2 then 'Processing' when a.status = 2 and a.fulfillment_status = 1 then 'Unscratched' when a.status = 1 and a.fulfillment_status = 1 then 'Pending' end"
  },
  {
    "tables_involved":"hive.promocard.supercash_task_snapshot_v3",
    "column_names":"updated_at",
    "alias_column_name":"updated_at",
    "source_or_derived":"source",
    "derived_column_logic":"NA"
  },
  {
    "tables_involved":"hive.promocard.supercash_task_snapshot_v3",
    "column_names":"user_id",
    "alias_column_name":"#Users",
    "source_or_derived":"derived",
    "derived_column_logic":"count(DISTINCT user_id)"
  },
  {
    "tables_involved":"hive.promocard.supercash_task_snapshot_v3",
    "column_names":"user_id",
    "alias_column_name":"Cashback",
    "source_or_derived":"derived",
    "derived_column_logic":"count(DISTINCT user_id)"
  },
  {
    "tables_involved":"hive.promocard.supercash_task_snapshot_v3",
    "column_names":"user_id",
    "alias_column_name":"user_id",
    "source_or_derived":"source",
    "derived_column_logic":"NA"
  },
  {
    "tables_involved":"hive.promocard.supercash_task_snapshot_v3",
    "column_names":"wallet",
    "alias_column_name":"wallet",
    "source_or_derived":"source",
    "derived_column_logic":"NA"
  },
  {
    "tables_involved":"hive.promocod.supercash_task_snapshot_v3",
    "column_names":"info",
    "alias_column_name":"scratchCardId",
    "source_or_derived":"derived",
    "derived_column_logic":"json_extract_scalar(info, '$.scratchCardId')"
  },
  {
    "tables_involved":"hive.promocoda.supercash_task_snapshot_v3",
    "column_names":"user_id",
    "alias_column_name":"COUNT_DISTINCT(user_id)",
    "source_or_derived":"derived",
    "derived_column_logic":"count(DISTINCT user_id)"
  }
]