{
  "status": "completed",
  "current_operation": null,
  "total_dashboards": 1,
  "completed_dashboards": 1,
  "failed_dashboards": 0,
  "dashboards": {
    "511": {
      "dashboard_id": 511,
      "status": "completed",
      "current_phase": "Completed",
      "current_file": "511_definitions.csv",
      "completed_files": [
        "511_json.json",
        "511_csv.csv",
        "511_queries.sql",
        "511_tables_columns_enriched.csv",
        "511_table_metadata.csv",
        "511_columns_metadata.csv",
        "511_joining_conditions.csv",
        "511_filter_conditions.txt",
        "511_definitions.csv",
        "511_quality_report.json",
        "511_tables_columns.csv"
      ],
      "total_files": 11,
      "completed_files_count": 11,
      "error": null,
      "start_time": "2025-11-22T21:41:54.418069",
      "end_time": "2025-11-22T21:42:54.508053"
    }
  },
  "merge_status": {
    "status": "completed",
    "current_step": null,
    "completed_steps": [
      "table_metadata",
      "columns_metadata",
      "joining_conditions",
      "definitions",
      "filter_conditions"
    ]
  },
  "kb_build_status": {
    "status": "completed",
    "current_step": null
  },
  "start_time": "2025-11-22T21:41:54.417668",
  "last_update": "2025-11-22T21:42:54.568865"
}