[
  {
    "term": "UPI",
    "type": "Category",
    "definition": "Unified Payments Interface - a real-time payment system that facilitates inter-bank transactions through mobile platforms.",
    "business_alias": "Unified Payments Interface"
  },
  {
    "term": "P2P",
    "type": "Category",
    "definition": "Person-to-Person transactions including VPA2ACCOUNT and VPA2VPA transaction categories",
    "business_alias": "Person to Person, Person-to-Person, Peer-to-Peer"
  },
  {
    "term": "P2M",
    "type": "Category",
    "definition": "Person-to-Merchant transactions, specifically VPA2MERCHANT transaction types.",
    "business_alias": "Person-to-Merchant, Person to Merchant"
  },
  {
    "term": "SR",
    "type": "Metric / Calculated Field",
    "definition": "Success Rate calculated as the count of transactions with status 'DEEMED' or 'SUCCESS' divided by total transaction count, representing the percentage of successful UPI transactions.",
    "business_alias": "Success Rate"
  },
  {
    "term": "P2P_P2M",
    "type": "Category",
    "definition": "Transaction categorization field that classifies UPI transactions as either P2P or P2M based on transaction category",
    "business_alias": NaN
  },
  {
    "term": "Day",
    "type": "Metric",
    "definition": "The day of the month extracted from the transaction date, used for daily trend analysis.",
    "business_alias": NaN
  },
  {
    "term": "Month",
    "type": "Metric",
    "definition": "Month truncated date from transaction date for monthly analysis",
    "business_alias": NaN
  },
  {
    "term": "SnP",
    "type": "Category",
    "definition": "Scan and Pay transactions, including 3P QR and Paytm QR flow categories.",
    "business_alias": "Scan and Pay"
  },
  {
    "term": "Transaction Status",
    "type": "Category",
    "definition": "Status classifications for UPI transactions including SUCCESS, DEEMED, and other failure statuses.",
    "business_alias": NaN
  },
  {
    "term": "PSP",
    "type": "Category",
    "definition": "Payment Service Provider - entities that facilitate UPI transactions, categorized as Paytm or Others based on handle classification.",
    "business_alias": "Payment Service Provider"
  },
  {
    "term": "Flow Category",
    "type": "Category",
    "definition": "Classification of UPI transaction types including P2P, 3P QR, Paytm QR, Intent, P2M Collect, Mandate_Online, Onus_ExcMandates, and Mandate_Onus.",
    "business_alias": NaN
  },
  {
    "term": "Online",
    "type": "Category",
    "definition": "Online transaction category including Intent, P2M Collect, and Mandate_Online flow categories.",
    "business_alias": NaN
  },
  {
    "term": "Onus",
    "type": "Category",
    "definition": "On-us transaction category including Onus_ExcMandates and Mandate_Onus flow categories where both payer and payee are within the same payment system.",
    "business_alias": "On-us"
  },
  {
    "term": "DEEMED",
    "type": "Metric",
    "definition": "A transaction status category considered as successful for success rate calculations along with SUCCESS status",
    "business_alias": NaN
  },
  {
    "term": "SUCCESS",
    "type": "Metric",
    "definition": "A transaction status indicating the transaction was completed successfully",
    "business_alias": NaN
  },
  {
    "term": "Category",
    "type": "Category",
    "definition": "Classification of UPI transactions into different payment flows and types",
    "business_alias": "final_category"
  },
  {
    "term": "Handle",
    "type": "Metric",
    "definition": "UPI identifier handles for payer and payee, used to classify transactions by PSP (e.g., paytm, ptyes, ptaxis).",
    "business_alias": "Payer Handle, UPI Handle, UPI Handle"
  },
  {
    "term": "Payer Handle",
    "type": "Metric",
    "definition": "The UPI handle of the entity making the payment in a UPI transaction",
    "business_alias": "Handle"
  },
  {
    "term": "Paytm",
    "type": "Category",
    "definition": "Payment service provider handles including paytm, ptyes, ptaxis, pthdfc, ptsbi for payer classification",
    "business_alias": "Payer as Paytm"
  }
]