{
  "dashboard_id": 249,
  "dashboard_title": "Repeat Retention Dashboard",
  "dashboard_url": "https://cdp-dataview.platform.mypaytm.com/superset/dashboard/249/",
  "owner": "Unknown",
  "created_on": "",
  "changed_on": "2025-11-21T06:54:30.056240",
  "charts": [
    {
      "chart_id": 1457,
      "chart_name": "TG vs CG - MTD Retention Comparison",
      "chart_type": "big_number_total",
      "dataset_id": 244,
      "dataset_name": "Repeat Retention Dashboard",
      "database_name": "Trino",
      "sql_query": "SELECT sum(users*1.00) \nfilter(\nwhere life_time_asofnow = 1 \nand UPI_Active_LM = 1\nand UPI_Active_MTD =1)\n/\nsum(users*1.00) \nfilter(where life_time_asofnow = 1 \nand UPI_Active_LM = 1) AS \"TG MTD Retention%\" \nFROM (SELECT * from repeat_retention_dashboard_v1\n) AS virtual_table\nLIMIT 50000;\n\n",
      "metrics": [
        "TG MTD Retention%"
      ],
      "columns": [
        "upi_txns_lm",
        "upi_txns_llmtd",
        "upi_txns_lmtd",
        "upi_txns_mtd",
        "users",
        "mtd_bucket",
        "lm_bucket",
        "feature",
        "life_time_asofnow",
        "life_time_asofeom_lm",
        "llm",
        "lm",
        "lmtd",
        "mtd",
        "exclution_for_cg",
        "paytm_active_llm",
        "paytm_active_lm",
        "paytm_active_lmtd",
        "paytm_active_mtd",
        "upi_active_llm",
        "upi_active_lm",
        "upi_active_llmtd",
        "upi_active_lmtd",
        "upi_active_mtd",
        "upi_txns_llm"
      ],
      "groupby_columns": [],
      "filters": [],
      "time_range": null
    },
    {
      "chart_id": 1458,
      "chart_name": "CG MTD Retention Rate",
      "chart_type": "big_number_total",
      "dataset_id": 244,
      "dataset_name": "Repeat Retention Dashboard",
      "database_name": "Trino",
      "sql_query": "SELECT sum(users*1.00) \nfilter(\nwhere life_time_asofnow = 0 \nand UPI_Active_LM = 1\nand UPI_Active_MTD =1)\n/\nsum(users*1.00) \nfilter(where life_time_asofnow = 0 \nand UPI_Active_LM = 1) AS \"CG MTD Retention%\" \nFROM (SELECT * from repeat_retention_dashboard_v1\n) AS virtual_table\nLIMIT 50000;\n\n",
      "metrics": [
        "CG MTD Retention%"
      ],
      "columns": [
        "upi_txns_lm",
        "upi_txns_llmtd",
        "upi_txns_lmtd",
        "upi_txns_mtd",
        "users",
        "mtd_bucket",
        "lm_bucket",
        "feature",
        "life_time_asofnow",
        "life_time_asofeom_lm",
        "llm",
        "lm",
        "lmtd",
        "mtd",
        "exclution_for_cg",
        "paytm_active_llm",
        "paytm_active_lm",
        "paytm_active_lmtd",
        "paytm_active_mtd",
        "upi_active_llm",
        "upi_active_lm",
        "upi_active_llmtd",
        "upi_active_lmtd",
        "upi_active_mtd",
        "upi_txns_llm"
      ],
      "groupby_columns": [],
      "filters": [],
      "time_range": null
    },
    {
      "chart_id": 1460,
      "chart_name": "Monthly Active Users - TG vs CG by Feature",
      "chart_type": "dist_bar",
      "dataset_id": 244,
      "dataset_name": "Repeat Retention Dashboard",
      "database_name": "Trino",
      "sql_query": "SELECT feature AS feature, sum(users) filter(\nwhere life_time_asofnow = 1 \nand upi_active_mtd = 1) AS \"TG_MTD_MAU\", sum(users) \nfilter(\nwhere life_time_asofnow =0 \nand upi_active_mtd = 1) AS \"CG_MTD_MAU\" \nFROM (SELECT * from repeat_retention_dashboard_v1\n) AS virtual_table GROUP BY feature\nLIMIT 10;\n\n",
      "metrics": [
        "TG_MTD_MAU",
        "CG_MTD_MAU"
      ],
      "columns": [
        "upi_txns_lm",
        "upi_txns_llmtd",
        "upi_txns_lmtd",
        "upi_txns_mtd",
        "users",
        "mtd_bucket",
        "lm_bucket",
        "feature",
        "life_time_asofnow",
        "life_time_asofeom_lm",
        "llm",
        "lm",
        "lmtd",
        "mtd",
        "exclution_for_cg",
        "paytm_active_llm",
        "paytm_active_lm",
        "paytm_active_lmtd",
        "paytm_active_mtd",
        "upi_active_llm",
        "upi_active_lm",
        "upi_active_llmtd",
        "upi_active_lmtd",
        "upi_active_mtd",
        "upi_txns_llm"
      ],
      "groupby_columns": [
        "feature"
      ],
      "filters": [],
      "time_range": null
    },
    {
      "chart_id": 1461,
      "chart_name": "Transaction Per User (TPU) - TG vs CG",
      "chart_type": "dist_bar",
      "dataset_id": 244,
      "dataset_name": "Repeat Retention Dashboard",
      "database_name": "Trino",
      "sql_query": "SELECT feature AS feature, sum(upi_txns_mtd * 1.00)\nfilter(where life_time_asofnow = 1 \nand upi_active_mtd = 1)\n/\nsum(users * 1.00) \nfilter(where life_time_asofnow = 1\nand upi_active_mtd = 1) AS \"TG_MTD_TPU\", sum(upi_txns_mtd * 1.00)\nfilter(\nwhere life_time_asofnow = 0 \nand upi_active_mtd = 1)\n/\nsum(users * 1.00) \nfilter(\nwhere life_time_asofnow =0 \nand upi_active_mtd = 1) AS \"CG_MTD_TPU\" \nFROM (SELECT * from repeat_retention_dashboard_v1\n) AS virtual_table GROUP BY feature\nLIMIT 10;\n\n",
      "metrics": [
        "TG_MTD_TPU",
        "CG_MTD_TPU"
      ],
      "columns": [
        "upi_txns_lm",
        "upi_txns_llmtd",
        "upi_txns_lmtd",
        "upi_txns_mtd",
        "users",
        "mtd_bucket",
        "lm_bucket",
        "feature",
        "life_time_asofnow",
        "life_time_asofeom_lm",
        "llm",
        "lm",
        "lmtd",
        "mtd",
        "exclution_for_cg",
        "paytm_active_llm",
        "paytm_active_lm",
        "paytm_active_lmtd",
        "paytm_active_mtd",
        "upi_active_llm",
        "upi_active_lm",
        "upi_active_llmtd",
        "upi_active_lmtd",
        "upi_active_mtd",
        "upi_txns_llm"
      ],
      "groupby_columns": [
        "feature"
      ],
      "filters": [],
      "time_range": null
    },
    {
      "chart_id": 1462,
      "chart_name": "User Distribution by Feature",
      "chart_type": "pie",
      "dataset_id": 244,
      "dataset_name": "Repeat Retention Dashboard",
      "database_name": "Trino",
      "sql_query": "SELECT * from repeat_retention_dashboard_v1 ",
      "metrics": [
        "Total Users Life Time"
      ],
      "columns": [
        "upi_txns_lm",
        "upi_txns_llmtd",
        "upi_txns_lmtd",
        "upi_txns_mtd",
        "users",
        "mtd_bucket",
        "lm_bucket",
        "feature",
        "life_time_asofnow",
        "life_time_asofeom_lm",
        "llm",
        "lm",
        "lmtd",
        "mtd",
        "exclution_for_cg",
        "paytm_active_llm",
        "paytm_active_lm",
        "paytm_active_lmtd",
        "paytm_active_mtd",
        "upi_active_llm",
        "upi_active_lm",
        "upi_active_llmtd",
        "upi_active_lmtd",
        "upi_active_mtd",
        "upi_txns_llm"
      ],
      "groupby_columns": [
        "feature"
      ],
      "filters": [],
      "time_range": null
    },
    {
      "chart_id": 1463,
      "chart_name": "L3M Active Users - Pre/Post Analysis",
      "chart_type": "dist_bar",
      "dataset_id": 244,
      "dataset_name": "Repeat Retention Dashboard",
      "database_name": "Trino",
      "sql_query": "SELECT feature AS feature, sum(users) \nfilter(\nwhere\n--life_time_asofnow =0 and \nlm = 1\nand upi_active_llm = 1\nand upi_active_lm = 1\nand upi_active_mtd =1\n) AS \"Pre/Post-TG_L3M_Active\", sum(users*1.00) \nfilter(\nwhere\nlife_time_asofnow =0\n-- and \n-- lm = 1\nand upi_active_llm = 1\nand upi_active_lm = 1\nand upi_active_mtd =1\n) AS \"Pre/Post-CG_L3M_Active\" \nFROM (SELECT * from repeat_retention_dashboard_v1\n) AS virtual_table GROUP BY feature\nLIMIT 10;\n\n",
      "metrics": [
        "Pre/Post-TG_L3M_Active",
        "Pre/Post-CG_L3M_Active"
      ],
      "columns": [
        "upi_txns_lm",
        "upi_txns_llmtd",
        "upi_txns_lmtd",
        "upi_txns_mtd",
        "users",
        "mtd_bucket",
        "lm_bucket",
        "feature",
        "life_time_asofnow",
        "life_time_asofeom_lm",
        "llm",
        "lm",
        "lmtd",
        "mtd",
        "exclution_for_cg",
        "paytm_active_llm",
        "paytm_active_lm",
        "paytm_active_lmtd",
        "paytm_active_mtd",
        "upi_active_llm",
        "upi_active_lm",
        "upi_active_llmtd",
        "upi_active_lmtd",
        "upi_active_mtd",
        "upi_txns_llm"
      ],
      "groupby_columns": [
        "feature"
      ],
      "filters": [],
      "time_range": null
    }
  ]
}