[
  {
    "table_name": "hive.user_paytm_payments.upi_3p_online_merchant_vpa_mapping",
    "table_description": "data_description: This table serves as a mapping and summary table for third-party online merchants in the UPI ecosystem, containing merchant identification information along with aggregated user activity metrics. The table includes merchant names, date dimensions (day_id for partitioning), and various user count metrics such as MTD (Month-to-Date) new users, MTD reactivated users (React2Mplus), LMTD (Last Month-to-Date) equivalent metrics, and derived growth calculations. The table structure supports time-series analysis of merchant performance with pre-calculated user segmentation metrics.\n\nbusiness_description: This table is primarily used for merchant performance analysis and business intelligence reporting in the UPI payments vertical. It enables tracking of the top performing online merchants by monitoring new user acquisition, user reactivation patterns, and growth trends. Business stakeholders use this data to identify high-performing merchants, analyze month-over-month growth patterns, and make strategic decisions about merchant partnerships and market expansion. The table supports executive dashboards that provide insights into the health and growth of the third-party online merchant ecosystem within the UPI payment infrastructure.",
    "refresh_frequency": "Daily",
    "vertical": "UPI",
    "partition_column": "day_id",
    "remarks": "The table name suggests it's specifically focused on the top 1000 merchants, indicating this might be a curated subset rather than a comprehensive merchant mapping table. The absence of visible column information limits detailed analysis, but the SQL context reveals it supports complex analytical queries with period-over-period comparisons.; This appears to be a reference/lookup table with no visible partition column from the available context. The table is specifically used to identify missing merchant mappings, as evidenced by the LEFT JOIN query looking for null values. The table name suggests it's focused on 3P (third-party) online merchants within the UPI ecosystem.; The table appears to be part of a complex merchant analytics system with focus on top 1000 merchants. The SQL context shows sophisticated user categorization logic (New/React/Repeat users) and month-over-month comparison capabilities, suggesting this is a critical table for merchant performance monitoring.; The table appears to contain pre-aggregated metrics for performance optimization, as evidenced by the calculated fields like MTD_New_Users, MTD_React2Mplus_Users, etc. The SQL query shows complex growth calculations suggesting this is likely a derived/summary table rather than a raw transaction table. The table name suggests it specifically focuses on the top merchants (likely top 1000 as mentioned in dashboard title).",
    "relationship_context": "This table appears to be derived from or joined with user_paytm_payments.rolling_nrr_v1 (as seen in the SQL context), which likely contains the base user activity data. It serves as an intermediate aggregation layer that pre-calculates merchant-level metrics from more granular transaction or user activity tables. The table is likely joined with other merchant master tables for additional merchant attributes and may feed into higher-level executive summary tables. It's designed to support merchant performance dashboards and is optimized for time-series analysis across different merchant cohorts in the UPI ecosystem.; This table has a direct relationship with user_paytm_payments.upi_flow_wise_base_cm table through LEFT JOIN operations on the payee_vpa column (case-insensitive matching using LOWER()). It serves as a lookup table to enrich transaction data with merchant names. The relationship is primarily used to identify gaps in merchant mapping where VPAs exist in the transaction table but lack corresponding merchant name mappings. This table is essential for merchant categorization workflows and payment analytics reporting.; This table serves as a critical dimensional lookup table that connects to transactional UPI data tables through merchant identifiers and VPAs. It likely joins with transaction fact tables using online_merchant_name as a key, enabling merchant-level aggregations and analytics. The table supports relationships with customer transaction data (via customer_id_payer), temporal data (via day_id/transaction_date_key), and merchant performance metrics. It appears to be used in conjunction with UPI transaction tables to enable comprehensive merchant performance reporting and is essential for creating merchant-centric dashboards and analytics within the payments ecosystem.; This table serves as a core mapping reference that connects to user transaction tables (like rolling_nrr_v1), merchant performance tables, and user segmentation tables. It's commonly joined with transaction data to enable merchant-level filtering and analysis. The table likely has relationships with merchant master data, VPA configuration tables, and user behavior tracking tables. It acts as a bridge between merchant identifiers and payment routing information, enabling comprehensive merchant analytics across the UPI ecosystem."
  },
  {
    "table_name": "hive.user_paytm_payments.upi_flow_wise_base_cm",
    "table_description": "data_description: This table serves as a comprehensive base table for UPI (Unified Payments Interface) transactions, organized by different payment flows. It contains detailed transaction records including transaction IDs, payee VPA (Virtual Payment Address) information, online merchant names, transaction categories, and date tracking fields. The table structure supports analysis of UPI payment flows across different merchant categories and payment scenarios, with particular focus on online transaction categorization and merchant identification.\n\nbusiness_description: This table is primarily used for UPI merchant analysis, particularly for third-party online merchants. It supports business operations by enabling identification of merchants that lack proper VPA mappings, facilitating merchant onboarding and compliance processes. The table is used in dashboards to track top merchants by transaction volume, analyze online payment patterns, and maintain merchant relationship management. It serves as a foundation for merchant categorization, VPA validation, and payment flow optimization in the UPI ecosystem.",
    "refresh_frequency": "Daily",
    "vertical": "UPI",
    "partition_column": "dl_last_updated",
    "remarks": "This table appears to be a core UPI transaction table with merchant-focused analytics capabilities. The presence of 'final_category' field suggests sophisticated transaction categorization logic. The table supports complex merchant analysis workflows and VPA mapping validation processes.",
    "relationship_context": "This table has a direct relationship with user_paytm_payments.upi_3p_online_merchant_vpa_mapping table through LEFT JOIN on payee_vpa fields (case-insensitive matching). It serves as the base transaction table that other merchant analytics and VPA management tables reference. The table is commonly used with merchant mapping tables to identify unmapped merchants and validate VPA assignments. It likely has relationships with other UPI-related tables for comprehensive payment flow analysis and merchant onboarding workflows."
  },
  {
    "table_name": "base_",
    "table_description": "data_description: This table contains transaction data for third-party online merchants, structured to support merchant performance analysis and categorization. The table includes monthly transaction user (MTU) metrics aggregated by date (mnt) and payer customer ID (payer_cust_id). The data is filtered and categorized into three main segments: Live merchants (top performing online merchants including Flipkart, Zomato, Swiggy, etc.), Top 15 merchants (subset of highest priority merchants), and Non-Live merchants (excluding the live merchant category). Each record represents transaction counts filtered by specific merchant categories for comprehensive merchant ecosystem analysis.\n\nbusiness_description: This table supports business operations for third-party online merchant performance monitoring and strategic decision-making. It enables analysis of merchant transaction volumes, user engagement patterns, and market segmentation across different merchant categories. The business uses this data to identify top-performing merchants, track live vs non-live merchant performance, monitor the top 15 strategic merchants, and assess overall merchant ecosystem health. This supports partnership strategies, merchant onboarding decisions, revenue optimization, and competitive analysis in the online payments and e-commerce space.",
    "refresh_frequency": "Daily",
    "vertical": "UPI",
    "partition_column": "mnt",
    "remarks": "The table name \"base_\" suggests this is a temporary table or CTE used as a foundation for further analysis. The query shows incomplete SQL with merchant filtering logic, indicating this is part of a larger analytical framework. The merchant categorization includes major e-commerce players, food delivery, grocery, entertainment, and utility payment platforms, suggesting comprehensive coverage of the online merchant ecosystem.",
    "relationship_context": "This table serves as a base aggregation layer that feeds into higher-level merchant summary reports and dashboards. It likely joins with merchant master data tables for merchant details, customer tables for user demographics, and transaction tables for detailed payment information. The table is commonly used in conjunction with date dimension tables for time-series analysis and merchant category tables for business segmentation. It supports roll-up queries for executive dashboards and detailed drill-down analysis for merchant relationship management."
  },
  {
    "table_name": "hive.user_paytm_payments.upi_abhay",
    "table_description": "data_description: The upi_abhay table contains aggregated user behavior and transaction data specifically for UPI (Unified Payments Interface) transactions in the Paytm payments ecosystem. The table appears to store merchant-level metrics including user segmentation data (new users, reactivated users after 2+ months), transaction patterns, and temporal aggregations for month-to-date and comparative period analysis. Key data categories include user classification metrics, merchant identifiers, date dimensions, and calculated growth indicators for user acquisition and reactivation.\n\nbusiness_description: This table supports business intelligence and analytics for third-party online merchant performance tracking within Paytm's UPI payment network. It enables monitoring of merchant growth, user acquisition trends, and reactivation patterns for the top-performing online merchants. The table is used for generating executive dashboards that track merchant performance, user engagement metrics, and period-over-period growth analysis. It supports strategic decision-making for merchant partnerships, user retention initiatives, and payment ecosystem optimization by providing insights into merchant-wise user behavior and transaction trends.",
    "refresh_frequency": "Daily",
    "vertical": "UPI",
    "partition_column": "day_id",
    "remarks": "The table appears to be specifically designed for merchant analytics with pre-aggregated metrics. The naming convention \"upi_abhay\" suggests it might be a developer-specific or project-specific table. The SQL context shows complex calculations for growth metrics and user segmentation, indicating this is likely a derived/aggregated table rather than raw transaction data.; The table appears to be a custom dataset (possibly created by user \"abhay\") for specific merchant analysis. The SQL query shows hardcoded merchant name lists for categorization, suggesting this might be a derived or processed table rather than a raw transaction table. The query structure indicates date-based aggregations are common usage patterns.; The table name suggests it might be a developer-specific or temporary analytical table (named after \"Abhay\"). The SQL query shows complex logic for excluding various offline channels and merchant categories, indicating this table is specifically curated for online 3P merchant analysis. The absence of column metadata makes it difficult to determine the exact schema structure.; The table name \"upi_abhay\" suggests this might be a custom or analyst-specific table (possibly named after an analyst \"Abhay\"). The complex SQL queries indicate this is likely a derived/analytical table rather than a raw transaction table, designed specifically for merchant-level user engagement analysis.",
    "relationship_context": "This table appears to be derived from or related to user_paytm_payments.rolling_nrr_v1 and user_paytm_payments.ft_base_with_mapping_raw_rolling_nrr_with_online_cm tables based on the SQL context. It likely joins with customer/user tables for segmentation analysis and merchant tables for categorization. The table supports complex analytical queries that aggregate data across multiple dimensions including time periods (MTD/LMTD), user types (New/Repeat/React), and merchant categories (specifically filtering for 3P online merchants).; This table likely joins with merchant master tables using online_merchant_name, and connects to user classification tables through the rolling_nrr_v1 table referenced in the query. It appears to be derived from or related to user_paytm_payments.paytm_mau_final_nrr_exc and user_paytm_payments.rolling_nrr_v1 tables for user segmentation data. The table serves as an aggregated layer for merchant performance analysis and would typically be consumed by BI tools and dashboards for executive reporting on merchant ecosystem performance.; This table likely joins with merchant master tables for merchant categorization and customer tables using payer_cust_id. It appears to be used primarily for aggregation queries that group by date and merchant categories. The table supports time-series analysis with date truncation operations and is commonly used to generate daily, monthly, and period-over-period merchant performance reports. It may also relate to broader UPI transaction tables for comprehensive payment ecosystem analysis.; This table appears to be derived from or related to user_paytm_payments.rolling_nrr_v1 and user_paytm_payments.ft_base_with_mapping_raw_rolling_nrr_with_online_cm tables, as evidenced by the SQL context. It likely serves as an aggregated view that combines user segmentation data (New, Repeat, React_2M+ users) with temporal analysis capabilities. The table is commonly joined with merchant filtering criteria and used in conjunction with other user behavior and transaction tables for comprehensive merchant performance dashboards."
  },
  {
    "table_name": "hive.user_paytm_payments.upi_3p_online_merchant_vpa_mapping_v1",
    "table_description": "data_description: This table contains UPI third-party online merchant Virtual Payment Address (VPA) mappings that link customer payment transactions to specific online merchants. The table includes transaction-level data with customer IDs (payer_cust_id), merchant information (online_merchant_name), and temporal data (mnt field). It serves as a bridge between UPI payment transactions and merchant categorization, enabling identification of which merchants customers are transacting with. The table supports categorization of merchants into different buckets like Live merchants, Top 15 merchants, and Non-Live merchants based on business-defined criteria.\n\nbusiness_description: This table is primarily used for merchant performance analytics and Monthly Transacting User (MTU) reporting in the UPI payments ecosystem. It enables business teams to track customer engagement across different merchant categories, analyze merchant performance trends, and generate insights for the top 1000 online merchants. The data supports strategic decision-making around merchant partnerships, customer acquisition strategies, and market share analysis. It's used to create executive dashboards showing merchant performance metrics and to understand customer transaction patterns across various e-commerce platforms and service providers.",
    "refresh_frequency": "Daily",
    "vertical": "UPI",
    "partition_column": "mnt",
    "remarks": "The table name suggests this is version 1 (v1) of the merchant VPA mapping table. The SQL context shows extensive hardcoded merchant name filtering, indicating this table is specifically designed for tracking predefined merchant categories. The query structure suggests this table supports complex merchant categorization logic for business reporting.",
    "relationship_context": "This table likely joins with core UPI transaction tables using payer_cust_id to link customer payment data with merchant information. It may also relate to merchant master tables for additional merchant metadata and customer dimension tables for demographic analysis. The VPA mapping functionality suggests relationships with payment gateway tables and merchant onboarding systems. Common joins would be on customer ID and date fields for time-series analysis across the UPI payments ecosystem."
  },
  {
    "table_name": "hive.user_paytm_payments.rolling_nrr_v1",
    "table_description": "data_description: This table contains pre-aggregated rolling metrics for online merchant performance analysis. It stores various time-based calculations including 7-day averages, yesterday values, month-to-date (MTD), and last month-to-date (LMTD) metrics across key performance indicators like Daily Active Users (DAU), Monthly Active Users (MAU), transaction counts, Gross Merchandise Value (GMV), and Net Revenue (NR). The table appears to be structured with merchant identifiers and multiple temporal aggregation columns that enable quick retrieval of comparative performance metrics without requiring real-time calculations on raw transaction data.\n\nbusiness_description: This table supports merchant performance monitoring and business intelligence for third-party online merchants, particularly focusing on the top 1000 merchants by volume or revenue. It enables business stakeholders to quickly assess merchant health through growth comparisons (yesterday vs 7-day average, MTD vs LMTD), track user engagement trends, monitor transaction volumes and values, and analyze revenue patterns. The table is specifically designed for executive dashboards and merchant management teams to make data-driven decisions about merchant partnerships, identify high-performing merchants, and spot performance trends that may require intervention or support.",
    "refresh_frequency": "Daily",
    "vertical": "Payments",
    "partition_column": "txn_date",
    "remarks": "The table appears to be version 1 (v1) of a rolling NRR (New, Repeat, Reactivated) calculation system. The SQL shows complex date range calculations and user type classifications, suggesting this is a derived/processed table rather than raw transaction data. The query also references exclusions based on channel filtering (mentions 'fm' channel), indicating data quality controls are applied.; The table appears to be a versioned table (v1 suffix) suggesting it may be part of an evolving data model. The SQL query shows complex date range calculations and rolling window analysis, indicating sophisticated time-series analytics capabilities. The table seems to focus specifically on online merchant transactions and excludes certain customer segments based on the incomplete WHERE clause visible in the query.; This appears to be a sophisticated pre-computed metrics table that aggregates complex rolling calculations to support high-level merchant performance dashboards. The \"v1\" suffix suggests this may be version 1 of an evolving data model. The table likely requires significant computational resources to maintain given the complexity of the rolling calculations shown in the SQL context.; The table appears to be version 1 of a rolling NRR analysis table, suggesting there may be iterations or improvements planned. The SQL context shows complex exclusion logic for various offline channels, indicating this table is specifically curated for online payment analysis. The query structure suggests the table supports both current month and last month analysis patterns.",
    "relationship_context": "This table is likely joined with merchant mapping tables and channel classification tables (as evidenced by the reference to ft_base_with_mapping_raw_rolling_nrr_with_online_cm). It serves as a source table for user behavior analysis and is commonly used with date dimension tables for period-over-period comparisons. The table supports filtering by merchant_id and customer_id for granular analysis, and is typically aggregated at merchant and time period levels for dashboard reporting. It may also be related to other user classification tables in the user_paytm_payments schema for comprehensive user journey analysis.; This table is commonly joined with merchant mapping tables and channel classification tables (as evidenced by the exclusion of ft_base_with_mapping_raw_rolling_nrr_with_online_cm). It likely has relationships with customer master tables via customer_id/payer_cust_id fields, and is used alongside other payment transaction tables to provide comprehensive merchant and customer analytics. The table serves as a foundation for building aggregated merchant performance metrics and customer segmentation analysis.; This table likely joins with merchant master tables using online_merchant_name as the key. It appears to be built from underlying transaction tables and user activity tables, given the presence of DAU, MAU, transaction counts, and GMV metrics. The table serves as an intermediate aggregation layer between raw transactional data and business intelligence dashboards, reducing query complexity and improving dashboard performance. It may have relationships with merchant onboarding tables, transaction detail tables, and user engagement tables through the merchant identifier and temporal keys.; This table is likely joined with merchant master tables using online_merchant_name for merchant information and customer dimension tables using customer_id/payer_cust_id for user demographics. It appears to be a derived/aggregated table that may source from more granular transaction tables. The table supports date range queries and is commonly used with date dimension tables for period-over-period analysis. It's designed for analytical workloads focusing on user acquisition metrics and merchant performance tracking, likely feeding into executive dashboards and merchant analytics platforms."
  },
  {
    "table_name": "hive.user_paytm_payments.ft_base_with_mapping_raw_rolling_nrr_with_online_cm",
    "table_description": "data_description: This is a comprehensive fact table that stores aggregated merchant performance metrics for third-party online merchants. The table contains pre-calculated rolling metrics including Daily Active Users (DAU), Monthly Active Users (MAU), transaction counts, Gross Merchandise Value (GMV), and Net Revenue (NR) across multiple time periods. It includes 7-day rolling averages, yesterday's metrics, month-to-date (MTD) values, and last month-to-date (LMTD) comparisons. The table structure supports complex analytical queries with merchant mapping information and appears to include customer segmentation data (new vs returning users). The \"rolling_nrr\" component suggests it contains rolling Net Revenue Retention calculations, while the \"with_mapping\" indicates enrichment with merchant metadata for business intelligence purposes.\n\nbusiness_description: This table serves as the primary data source for executive dashboards tracking the performance of top-tier third-party online merchants in the Paytm ecosystem. It enables business stakeholders to monitor key business metrics including user engagement (DAU/MAU), transaction volumes, revenue generation (GMV/NR), and growth trends across different time horizons. The table supports strategic decision-making for merchant partnerships, performance benchmarking of top 1000 merchants, and identification of growth opportunities or performance issues. It's specifically designed for senior management reporting, merchant relationship management, and business development teams to track the health and growth of the most valuable merchant partnerships in the online payments ecosystem.",
    "refresh_frequency": "Daily",
    "vertical": "Payments",
    "partition_column": "dt",
    "remarks": "The table name suggests this is a complex derived table combining multiple data sources (ft_base, mapping, rolling_nrr, online_cm). The \"_raw_\" in the name indicates this might be an intermediate processing layer. The query shows sophisticated user classification logic with React2Mplus categories, suggesting advanced customer lifecycle analytics. The table appears optimized for merchant-level aggregations and time-series analysis.; The table appears to be a complex analytical mart with pre-aggregated metrics designed for high-performance dashboard queries. The incomplete column information suggests this may be a view or derived table built from multiple source tables. The naming convention indicates it's specifically focused on top-tier merchant performance with sophisticated time-series analytics capabilities.; The table appears to be a complex aggregated dataset that combines multiple data sources including rolling NRR classifications and channel mappings. The SQL context shows sophisticated filtering logic to exclude offline channels and focus specifically on online commerce activities. The \"raw\" in the table name suggests this might be an intermediate processing layer before final aggregation.; The table appears to be a complex aggregated dataset that combines multiple data sources including rolling NRR classification and online channel mapping. The SQL query shows sophisticated logic for excluding certain channels and customer segments, indicating this is a curated dataset specifically designed for merchant analytics. The \"raw\" in the table name suggests this might be an intermediate processing layer rather than the final presentation layer.",
    "relationship_context": "This table likely joins with merchant master tables through online_merchant_name, and connects to user transaction tables through customer_id fields. It appears to be downstream from user_paytm_payments.rolling_nrr_v1 table and other base transaction tables. The table serves as a key input for merchant ranking and performance analysis dashboards, and may be joined with merchant category, geography, or business size dimensions for deeper analytics. It's commonly used in aggregated queries grouped by merchant and time dimensions.; This table likely serves as a central fact table that joins with merchant dimension tables (for online_merchant_name mapping), customer dimension tables (for DAU/MAU calculations), and transaction fact tables (for GMV and transaction count aggregations). It appears to be built from base transaction tables with complex transformations including rolling window calculations, period-over-period comparisons, and customer lifecycle analytics. The table is designed to minimize join operations in dashboard queries by pre-calculating commonly used metrics and growth rates, making it a key component in the merchant analytics data warehouse architecture.; This table has relationships with user_paytm_payments.rolling_nrr_v1 for user classification data, and likely joins with merchant master tables for merchant information. It appears to be used in conjunction with date dimension tables for time-based analysis and may have relationships with other transaction tables for comprehensive merchant performance analysis. The table serves as a foundation for dashboard queries that calculate growth metrics and comparative analysis between different time periods.; This table has strong relationships with the user_paytm_payments.rolling_nrr_v1 table for user classification data and likely joins with merchant master tables for merchant details. It appears to be used in conjunction with channel mapping tables to filter out specific transaction types. The table serves as a foundation for merchant analytics and likely feeds into other downstream reporting tables. It's commonly used with date-based filters and merchant-level aggregations, and supports both detailed merchant analysis and top-N merchant ranking queries."
  },
  {
    "table_name": "hive.user_paytm_payments.ft_base_with_mapping_raw_rolling_nrr_with_online",
    "table_description": "data_description: This table contains user transaction and segmentation data with merchant mapping for Paytm's 3rd party online payments ecosystem. It appears to store daily snapshots of user activity mapped to merchants, including user type classifications (New, React, Repeat), transaction patterns, and rolling NRR calculations. The table structure supports both current month-to-date (MTD) and last month-to-date (LMTD) metrics computation with fields like MTD_New_Users, MTD_React2Mplus_Users, LMTD_New_Users, and LMTD_React2Mplus_Users. It includes channel filtering capabilities to focus on online transactions while excluding FM (presumably Financial Mall) channels.\n\nbusiness_description: This table serves as a critical component for merchant performance analysis and user acquisition tracking in Paytm's 3rd party online payments vertical. It enables business teams to monitor the top 1000 merchants' user engagement patterns, track new user acquisition vs user reactivation trends, and calculate growth metrics at merchant level. The table supports strategic decision-making for merchant partnerships, user retention analysis, and channel performance evaluation. It's particularly valuable for understanding merchant-wise user behavior patterns, identifying high-performing merchants, and optimizing user acquisition strategies in the competitive online payments landscape.",
    "refresh_frequency": "Daily",
    "vertical": "Payments",
    "partition_column": "day_id",
    "remarks": "This appears to be a complex aggregated table that combines multiple data sources including base transaction data, user type mappings, and NRR classification. The table specifically excludes offline channels (FMCG, MASU offline, FSE) to focus on online payment behaviors. The SQL query suggests this table supports rolling time window analysis and comparative metrics between current and previous periods.; The table appears to be a highly sophisticated analytical dataset with complex rolling calculations and multiple temporal dimensions. The naming convention suggests it may be part of a larger suite of merchant analytics tables. The \"raw_rolling_nrr\" suffix indicates it contains raw data with rolling Net Revenue Retention calculations. The incomplete column information limits full understanding of the schema structure.; The table appears to be part of a larger analytical framework that combines multiple data sources including rolling_nrr_v1 and ft_base_with_mapping_raw_rolling_nrr_with_online_cm. The SQL context shows complex date range calculations and user type segmentation logic, suggesting this is a highly processed analytical table rather than raw transactional data. The \"_raw\" in the table name might be misleading as it seems to contain processed/transformed data.; The table name includes \"rolling_nrr\" indicating it's likely a rolling window calculation for New, Repeat, React user analysis. The \"with_online\" suffix suggests this is specifically filtered for online merchant transactions. The incomplete SQL query shows complex date range calculations and user type classifications, indicating sophisticated business logic for merchant performance measurement.",
    "relationship_context": "This table has relationships with user_paytm_payments.rolling_nrr_v1 for user type classification, and user_paytm_payments.ft_base_with_mapping_raw_rolling_nrr_with_online_cm for customer exclusion logic. It likely joins with merchant master tables for merchant categorization and potentially with user master tables for customer demographics. The table serves as a foundational dataset for online payment analytics and is commonly used in conjunction with merchant performance tables and user behavior datasets for comprehensive business intelligence reporting.; This table appears to be derived from or related to user_paytm_payments.rolling_nrr_v1 and likely joins with merchant mapping tables to provide online_merchant_name. It's designed for aggregation and reporting purposes, serving as a source table for merchant performance dashboards. The table likely has relationships with other merchant-related tables for comprehensive business analysis and may be used in conjunction with transaction tables for deeper merchant analytics. It serves as an intermediate layer between raw transaction data and business reporting requirements.; This table likely serves as a central hub in the merchant analytics ecosystem, potentially joining with customer transaction tables, merchant master data, and other dimensional tables. It appears to be built from base transaction data combined with merchant mapping tables, suggesting upstream dependencies on core transaction processing systems. The table likely feeds into executive dashboards and may be referenced by other analytical tables focusing on merchant performance, customer behavior analysis, and revenue reporting. Common join patterns would include merchant identifiers, customer IDs, and date-based relationships for temporal analysis.; This table has dependencies on user_paytm_payments.rolling_nrr_v1 for user type classifications and user_paytm_payments.ft_base_with_mapping_raw_rolling_nrr_with_online_cm for channel filtering. It's commonly joined with merchant master tables using merchant identifiers and date ranges using day_id. The table serves as a base for merchant-level aggregations and is typically filtered by date ranges (MTD, LMTD) and merchant criteria. It's likely used in conjunction with other merchant performance tables and user behavior analytics tables within the payments vertical for comprehensive business intelligence reporting."
  },
  {
    "table_name": "paytm_nrr_mtd",
    "table_description": "data_description: This table contains month-to-date aggregated user metrics for Paytm's online merchant ecosystem, tracking new user acquisition and user reactivation patterns. The table stores daily snapshots of cumulative monthly metrics including MTD_New_Users, MTD_React2Mplus_Users, LMTD_New_Users, and LMTD_React2Mplus_Users at the merchant level. The data structure supports month-over-month growth analysis by maintaining both current month-to-date and last month-to-date user counts, with day_id serving as the temporal dimension and online_merchant_name providing merchant-level granularity.\n\nbusiness_description: This table serves the merchant analytics and business intelligence needs for Paytm's third-party online merchant program. It enables tracking of top-performing merchants based on user acquisition and retention metrics, supporting strategic decisions around merchant partnerships and growth initiatives. The table is used in executive dashboards to monitor the health of the online merchant ecosystem, identify high-growth merchants, and analyze user engagement trends. Business stakeholders use this data to evaluate merchant performance, allocate resources, and optimize the platform's merchant acquisition strategy.",
    "refresh_frequency": "Daily",
    "vertical": "Payments",
    "partition_column": "day_id",
    "remarks": "This appears to be a derived/aggregated table specifically designed for dashboard consumption. The table excludes various offline channels (FMCG, MASU offline, FSE transactions, etc.) to focus purely on online third-party merchant transactions. The NRR segmentation (New/Repeat/Reactivated) is a key business classification for user lifecycle analysis.; This appears to be a derived/summary table created from more granular transaction data. The table name suggests it's specifically focused on NRR (New, Repeat, React) user classification with MTD aggregation. The SQL query shows complex business logic for user categorization and growth calculations, indicating this table serves as an optimized data mart for merchant performance reporting.; The table appears to be derived from a base table \"user_paytm_payments.rolling_nrr_v1\" and implements complex user classification logic (New/Repeat/React_2M+). The SQL context shows sophisticated growth calculation formulas and month-over-month comparison logic. The table structure suggests it's optimized for merchant-level reporting and supports the \"Top 1000 Merchant\" analytics use case.",
    "relationship_context": "This table is derived from the base table \"user_paytm_payments.rolling_nrr_v1\" which contains the raw transaction-level user classification data. It serves as an aggregated mart table that rolls up user metrics by merchant and day. The table likely joins with merchant master tables for merchant details and is used as a source for higher-level merchant performance dashboards. It's part of the broader user analytics ecosystem that tracks customer lifecycle across the Paytm platform, with relationships to customer master data and transaction tables.; This table is derived from the underlying \"user_paytm_payments.rolling_nrr_v1\" table and has relationships with \"user_paytm_payments.ft_base_with_mapping_raw_rolling_nrr_with_online_cm\" for filtering purposes. It serves as an intermediate aggregation layer that feeds into merchant performance dashboards. The table likely joins with merchant dimension tables for filtering specific merchants and connects to other user behavior tables for comprehensive analysis. It's positioned as a data mart table that consolidates multiple data sources to provide a single source for MTD user metrics analysis.; This table is derived from user_paytm_payments.rolling_nrr_v1 as the primary source for user classification and transaction data. It has exclusion relationships with user_paytm_payments.ft_base_with_mapping_raw_rolling_nrr_with_online_cm to filter out offline channel transactions. The table likely joins with merchant master tables for merchant categorization and may be used alongside other merchant performance tables for comprehensive analytics. It serves as an intermediate aggregation layer between raw transaction data and dashboard visualizations."
  },
  {
    "table_name": "final_base",
    "table_description": "data_description: The final_base table appears to be an aggregated analytics table containing merchant transaction metrics organized by user types. It stores pre-calculated Month-to-Date (MTD) and Last Month-to-Date (LMTD) summaries including user counts, transaction volumes, and Gross Merchandise Value (GMV). The table includes derived metrics like TPU (Transactions Per User) and growth rates comparing current month performance to previous month. The data is segmented by paytm_user_type categories (New, Repeat, React_2M+) and focuses specifically on third-party online merchant transactions.\n\nbusiness_description: This table serves as a key analytics resource for monitoring and evaluating third-party online merchant performance, particularly for the top 1000 merchants by volume. It supports business intelligence dashboards used by merchant success teams, business analysts, and leadership to track merchant ecosystem health, user engagement patterns, and transaction growth trends. The table enables period-over-period comparisons for strategic decision-making around merchant partnerships, user acquisition effectiveness, and overall platform growth. It's likely used for monthly business reviews, merchant performance assessments, and identifying growth opportunities within the online merchant vertical.",
    "refresh_frequency": "Daily",
    "vertical": "Payments",
    "partition_column": NaN,
    "remarks": "The table name \"final_base\" suggests this is a processed/aggregated table rather than raw transactional data. The complex SQL logic indicates significant data transformation and business rule application. The absence of column metadata makes it difficult to determine the exact schema, but the query reveals key metrics around user segmentation and merchant transaction analytics.",
    "relationship_context": "This table appears to be derived from multiple upstream tables including user_paytm_payments.rolling_nrr_v1 and user_paytm_payments.ft_base_with_mapping_raw_rolling_nrr_with_online_cm. It likely serves as an intermediate aggregation layer that feeds into merchant performance dashboards and reporting systems. The table would typically be joined with merchant master data for merchant identification and potentially with other merchant metrics tables for comprehensive analysis. Its role as a \"final_base\" suggests it's a cornerstone table for merchant analytics workflows."
  },
  {
    "table_name": "date_ranges",
    "table_description": "data_description: The date_ranges table is a utility table that contains calculated date ranges used for temporal analysis in merchant performance reporting. It stores date boundaries including month-to-date start/end dates and last month-to-date start/end dates. The table structure includes fields like mtd_start (current month start), mtd_end (current month end), lmtd_start (previous month start), and lmtd_end (previous month end), calculated using date truncation and addition functions based on the current date.\n\nbusiness_description: This table serves as a foundational component for merchant performance analytics, specifically supporting 3P (Third Party) online merchant summary reporting. It enables consistent date range calculations across multiple metrics including user counts, transaction volumes, GMV (Gross Merchandise Value), and TPU (Transactions Per User). The standardized date ranges facilitate month-over-month comparisons, growth rate calculations, and trending analysis for top merchant performance tracking. It supports business operations by ensuring consistent temporal boundaries for merchant KPI reporting and performance benchmarking.",
    "refresh_frequency": "Daily",
    "vertical": "Payments",
    "partition_column": NaN,
    "remarks": "This is a CTE (Common Table Expression) rather than a physical table, generated dynamically within SQL queries. The actual column structure is not provided in the input, but based on the SQL context, it likely contains date range definitions (mtd_start, mtd_end, lmtd_start, lmtd_end) calculated using current date functions.; This appears to be a utility/reference table rather than a traditional data table. It may be implemented as a CTE (Common Table Expression) or view rather than a physical table. The empty table_columns suggests it might be dynamically generated or the metadata wasn't captured properly.; This appears to be a calculated/derived table or CTE rather than a physical table, as evidenced by the SQL context showing it's defined using date functions. The table supports comparative analytics for merchant performance tracking and is specifically designed for the Top 1000 merchant reporting framework.",
    "relationship_context": "The date_ranges table serves as a foundational reference for other tables in the merchant analytics ecosystem. It provides standardized date boundaries that are used to filter and aggregate data from tables like user_paytm_payments.rolling_nrr_v1 and user_paytm_payments.ft_base_with_mapping_raw_rolling_nrr_with_online_cm. The table enables consistent temporal joins across multiple merchant performance datasets, ensuring that MTD and LMTD calculations are uniform across all metrics. It's commonly referenced in WHERE clauses and date filtering operations throughout the merchant reporting pipeline.; The date_ranges CTE serves as a foundational component that provides standardized date ranges to other tables in the merchant analytics ecosystem. It is commonly joined with user transaction tables (like user_paytm_payments.rolling_nrr_v1) and merchant performance tables to filter data for specific time periods. This table enables consistent temporal analysis across different data sources by establishing uniform MTD and LMTD boundaries, ensuring that all downstream calculations for merchant performance metrics use the same time period definitions.; The date_ranges table serves as a foundational reference table that provides date boundaries for other analytical queries. It's commonly joined or referenced by merchant performance tables and user analytics tables that require MTD and LMTD comparisons. The table acts as a parameter source for filtering transaction data, user data, and merchant metrics within specific time windows, enabling consistent period-over-period analysis across the merchant analytics ecosystem."
  },
  {
    "table_name": "upi_online_ft",
    "table_description": "data_description: The upi_online_ft table contains comprehensive UPI (Unified Payments Interface) online transaction data organized as a fact table. It stores transactional metrics including user counts, transaction volumes, and gross merchandise values (GMV) aggregated at various time periods (MTD, LMTD). The table includes user classification information distinguishing between New, Repeat, and Reactivated (React_2M+) users. The data structure supports period-over-period analysis with both current month-to-date and last month-to-date figures, enabling growth rate calculations for users, transactions, and GMV.\n\nbusiness_description: This table serves as a critical data source for monitoring and analyzing third-party online merchant performance within the UPI payment ecosystem. It enables business teams to track key performance indicators such as transaction per user (TPU), user growth rates, transaction volume growth, and GMV growth across different merchant categories. The table supports strategic decision-making for merchant partnerships, user acquisition strategies, and payment product optimization. It's particularly valuable for understanding online payment trends, merchant performance benchmarking, and identifying growth opportunities in the digital payments space.",
    "refresh_frequency": "Daily",
    "vertical": "UPI",
    "partition_column": "dt",
    "remarks": "The table appears to be part of a larger payment analytics ecosystem with complex user classification logic. The SQL query shows sophisticated filtering to exclude offline channels and specific merchant categories, indicating this table is specifically curated for online UPI transactions. The table likely contains pre-aggregated metrics to support dashboard performance.",
    "relationship_context": "This table has relationships with several other tables in the payment ecosystem: it joins with user_paytm_payments.rolling_nrr_v1 for user classification (New/Repeat/Reactivated), connects to user_paytm_payments.ft_base_with_mapping_raw_rolling_nrr_with_online_cm for channel filtering, and likely relates to merchant master tables for merchant categorization. The table serves as a fact table that aggregates data from multiple transaction sources and is commonly used in conjunction with date dimension tables for time-based analysis and merchant dimension tables for segmentation analysis."
  },
  {
    "table_name": "paytm_nrr_lmtd",
    "table_description": "data_description: This table contains merchant-level user engagement metrics for Paytm's third-party online merchants, specifically tracking new user acquisition and user reactivation patterns. The table stores aggregated data with key metrics including MTD (Month-To-Date) and LMTD (Last-Month-To-Date) counts for new users and reactivated users (React2Mplus_Users), along with calculated growth percentages. The data structure includes merchant identifiers (online_merchant_name), date partitioning (day_id), and pre-calculated user segmentation metrics that enable month-over-month performance analysis for merchant user engagement.\n\nbusiness_description: This table supports merchant performance monitoring and business intelligence for Paytm's third-party online merchant ecosystem. It enables tracking of the top 1000 merchants by user acquisition and reactivation metrics, facilitating merchant ranking, performance benchmarking, and growth trend analysis. The table is used to generate executive dashboards showing merchant-level user growth patterns, helping business teams identify high-performing merchants, monitor user engagement trends, and make data-driven decisions about merchant partnerships and growth strategies. It supports monthly business reviews and merchant relationship management by providing insights into which merchants are successfully acquiring and reactivating users on the Paytm platform.",
    "refresh_frequency": "Daily",
    "vertical": "Payments",
    "partition_column": "day_id",
    "remarks": "The table appears to be part of a larger NRR (New/Repeat/Reactivated) analytics framework. The \"lmtd\" suffix indicates this specifically stores Last Month-To-Date data for comparison purposes. The SQL context shows complex user type categorization and channel filtering, suggesting sophisticated user behavior tracking. The table supports merchant-level filtering capabilities for detailed performance analysis.; The table appears to be a derived/processed table created from multiple source tables including user_paytm_payments.rolling_nrr_v1 and user_paytm_payments.ft_base_with_mapping_raw_rolling_nrr_with_online_cm. The SQL shows complex exclusion logic for offline channels, indicating this table specifically focuses on online transactions. The LMTD suffix suggests this might be a specific variant focusing on last month comparisons.; The table appears to be a derived/aggregated table specifically designed for merchant analytics. The \"lmtd\" suffix suggests it contains Last Month To Date calculations. The SQL context shows complex user type classifications (New, Repeat, React_2M+) and the query was truncated, indicating there may be additional complexity in the underlying data processing.",
    "relationship_context": "This table works in conjunction with current month MTD tables to enable growth rate calculations and period-over-period comparisons. It likely joins with merchant dimension tables for filtering top 1000 merchants and connects to user transaction tables through customer_id relationships. The table serves as a reference dataset for the rolling NRR framework, complementing real-time transaction tables and user classification systems. It supports analytical queries that compare current performance against historical baselines for merchant performance dashboards.; This table is derived from multiple upstream tables in the user_paytm_payments schema, particularly rolling_nrr_v1 for user classification and ft_base_with_mapping_raw_rolling_nrr_with_online_cm for channel mapping and exclusions. It likely feeds into executive dashboards and merchant analytics reports. The table joins with user classification data and applies business rules to filter out offline channels. It's commonly used alongside other merchant performance tables and user behavior analytics tables for comprehensive business intelligence reporting on the Paytm payment ecosystem.; This table is derived from user_paytm_payments.rolling_nrr_v1 table and likely joins with merchant dimension tables to get online_merchant_name. It serves as an intermediate analytical table that feeds into merchant performance dashboards and reporting systems. The table is specifically designed for the top 1000 merchant analysis and likely has relationships with other merchant-level aggregation tables. It appears to be part of a broader merchant analytics ecosystem that tracks user acquisition, retention, and reactivation metrics across Paytm's merchant network."
  },
  {
    "table_name": "paytm_nrr",
    "table_description": "data_description: The paytm_nrr table contains user segmentation data for Paytm's payment platform, tracking customers across New, Repeat, and Reactivated user categories. The table stores transaction-level information with customer IDs, transaction dates, and user type classifications. It appears to be structured to support rolling window analysis of user behavior patterns, with data organized by transaction dates and customer engagement states. The table enables calculation of Month-to-Date (MTD) and Last Month-to-Date (LMTD) metrics for different user segments, particularly focusing on New users and React2Mplus users (customers reactivated after 2+ months of inactivity).\n\nbusiness_description: This table serves as a foundational dataset for merchant performance analysis and user engagement tracking in Paytm's 3P (third-party) online ecosystem. It supports business intelligence dashboards that help merchant partners and internal stakeholders understand user acquisition, retention, and reactivation trends. The table enables growth rate calculations, period-over-period comparisons, and merchant-specific filtering for the top 1000 merchants. It's crucial for measuring the health of Paytm's merchant ecosystem, tracking user lifecycle stages, and supporting strategic decisions around merchant partnerships and user engagement initiatives.",
    "refresh_frequency": "Daily",
    "vertical": "Payments",
    "partition_column": "dt",
    "remarks": "The table appears to be part of a larger customer segmentation framework, with complex filtering logic to exclude offline channels and specific merchant categories. The SQL shows integration with multiple related tables for comprehensive merchant and user analysis.; The table appears to be part of a larger NRR (New, Repeat, Reactivated) analysis framework. The SQL context shows complex logic for user type classification and monthly window calculations. The table likely has dependencies on other tables in the user_paytm_payments schema, particularly rolling_nrr_v1 and ft_base_with_mapping_raw_rolling_nrr_with_online_cm. The merchant filtering capability suggests additional merchant dimension data is available.; The table appears to be derived from or related to user_paytm_payments.rolling_nrr_v1, suggesting it's part of a broader user analytics pipeline. The SQL query shows complex month-over-month growth calculations and user type classifications, indicating this is a processed/aggregated table rather than raw transaction data.",
    "relationship_context": "This table is likely derived from or joins with user_paytm_payments.rolling_nrr_v1 as evidenced in the SQL query. It appears to be aggregated at the merchant level (online_merchant_name) and is used in conjunction with date range calculations for MTD and LMTD comparisons. The table likely joins with merchant master tables for merchant information and may be related to other user analytics tables for comprehensive reporting. It serves as a key input for merchant performance dashboards and is commonly filtered by top merchant rankings (Top 1000 merchants as indicated in the dashboard title).; This table has strong relationships with other tables in the user_paytm_payments schema, particularly user_paytm_payments.rolling_nrr_v1 which appears to be a source table. It's commonly joined with merchant mapping tables to enable merchant-specific analysis and filtering. The table likely connects to customer dimension tables through payer_cust_id and integrates with transaction fact tables through transaction dates. It's frequently used with ft_base_with_mapping_raw_rolling_nrr_with_online_cm for channel-based filtering and exclusions. The table supports time-based analysis requiring date range calculations and is often aggregated at merchant and time period levels for dashboard reporting.; This table has relationships with user_paytm_payments.rolling_nrr_v1 (source table for NRR classifications), user_paytm_payments.ft_base_with_mapping_raw_rolling_nrr_with_online_cm (for channel exclusions), and likely connects to merchant and transaction tables for GMV and transaction count calculations. It's commonly joined with customer dimension tables using payer_cust_id and is used in aggregate queries for merchant performance dashboards and user segmentation analysis."
  },
  {
    "table_name": "unnest",
    "table_description": "data_description: This unnest table contains flattened merchant performance data derived from complex nested structures, focusing on third-party online merchant analytics. The table includes time-series metrics across multiple dimensions including daily active users (DAU), monthly active users (MAU), transaction volumes, gross merchandise value (GMV), and net revenue (NR). Data is structured to support various temporal comparisons including yesterday vs 7-day averages, month-to-date (MTD) vs last month-to-date (LMTD) analysis. The table incorporates customer transaction data, UPI flow information, and merchant identification details to enable comprehensive merchant performance tracking.\n\nbusiness_description: This table serves as a critical component for monitoring and analyzing the performance of top 1000 third-party online merchants in the payments ecosystem. Business stakeholders use this data to track merchant growth patterns, identify high-performing merchants, monitor user engagement trends, and assess revenue generation across the merchant portfolio. The table supports business intelligence dashboards that help in merchant relationship management, performance benchmarking, identifying growth opportunities, and making strategic decisions about merchant partnerships. It enables comparison of current performance against historical baselines and supports trend analysis for merchant ecosystem health monitoring.",
    "refresh_frequency": "Daily",
    "vertical": "Payments",
    "partition_column": "day_id",
    "remarks": "This appears to be a derived/temporary table created through UNNEST operations on complex merchant data structures. The table supports sophisticated analytics with multiple time-period comparisons and growth calculations. The SQL suggests integration with UPI transaction data and customer behavior analytics.",
    "relationship_context": "This unnest table is derived from underlying merchant transaction tables and customer behavior datasets. It likely joins with merchant master tables (for merchant names and categorization), customer tables (for DAU/MAU calculations), and transaction tables (for volume and GMV metrics). The table serves as an intermediate analytical layer that aggregates data from multiple source tables including UPI transaction logs and customer activity data. It's commonly used in conjunction with merchant performance dashboards and likely feeds into executive reporting systems for merchant portfolio management."
  },
  {
    "table_name": "hive.user_paytm_payments.top1000_merchnats_nov_dec_and_offeractive_ss",
    "table_description": "data_description: This table contains aggregated performance metrics for the top 1000 third-party online merchants, specifically focusing on November-December timeframe with active offer campaigns. The table stores pre-calculated metrics including Daily Active Users (DAU), Monthly Active Users (MAU), transaction counts, Gross Merchandise Value (GMV), and Net Revenue (NR) across various time periods including 7-day averages, yesterday snapshots, month-to-date (MTD), and last month-to-date (LMTD) values. Each row represents a merchant's performance summary with multiple metric columns for trend analysis and growth calculations.\n\nbusiness_description: This table serves as a critical business intelligence asset for monitoring and analyzing the performance of Paytm's top merchant partners in the online payments ecosystem. It enables executive dashboards and merchant relationship management by providing key performance indicators for the most valuable merchant relationships. The table supports strategic decision-making around merchant partnerships, offer campaign effectiveness, and business growth tracking. It's primarily used by business teams, merchant success teams, and executives to monitor merchant health, identify growth opportunities, and make data-driven decisions about merchant engagement strategies and resource allocation.",
    "refresh_frequency": "Daily",
    "vertical": "Payments",
    "partition_column": "day_id",
    "remarks": "The table appears to be a specialized snapshot for a specific time period (November-December) focusing on merchants with active offers. The naming convention suggests this might be a temporary or campaign-specific analysis table rather than a regular operational table. The \"ss\" suffix might indicate \"snapshot\" or \"summary sheet\".",
    "relationship_context": "This table appears to be derived from underlying transaction and user activity tables, likely joining merchant information with transaction data, user engagement metrics, and revenue calculations. It probably has relationships with merchant master tables for merchant details, transaction tables for volume and value metrics, and user activity tables for DAU/MAU calculations. The table serves as an aggregated view that feeds into executive dashboards and is likely joined with other merchant performance tables for comprehensive merchant analytics. Given the 3P (third-party) focus, it may also relate to partner integration tables and offer management systems."
  },
  {
    "table_name": "upi_flow_wise_base",
    "table_description": "data_description: The upi_flow_wise_base table is a comprehensive UPI transaction fact table that stores detailed transaction-level data across different payment flows. It contains core transactional attributes including transaction date keys, customer identifiers (both payer and potentially payee), transaction timestamps, and merchant information. The table appears to track various UPI transaction flows and includes metrics necessary for calculating user engagement (DAU/MAU), transaction volumes, gross merchandise value, and revenue metrics. The structure supports time-based analysis with date partitioning and merchant categorization for online payment scenarios.\n\nbusiness_description: This table serves as the foundational data source for monitoring and analyzing third-party online merchant performance within the UPI ecosystem. It enables business stakeholders to track the top 1000 online merchants' performance through key metrics like daily and monthly active users, transaction volumes, GMV trends, and net revenue. The table supports critical business use cases including merchant performance dashboards, growth analysis, period-over-period comparisons (MTD vs LMTD), and strategic decision-making for merchant partnerships. It's essential for product teams, business analysts, and merchant relationship managers to understand payment flow patterns and merchant ecosystem health.",
    "refresh_frequency": "Daily",
    "vertical": "UPI",
    "partition_column": "day_id",
    "remarks": "The table name suggests it's a base/foundational table for UPI flow analysis. The SQL query shows complex period-based calculations and window functions for first-time user identification (rn_ft). The incomplete SQL context indicates there are additional joins with merchant dimension tables to get online_merchant_name. The metrics calculated suggest this is a high-level aggregation table used for executive reporting.",
    "relationship_context": "This table appears to be joined with merchant dimension tables (referenced as 'b.online_merchant_name' in the query) to enrich transaction data with merchant information. It likely serves as a base table for creating aggregated merchant performance tables and connects to customer dimension tables through customer_id fields. The table supports complex analytical queries with window functions for user journey analysis and is commonly used in period-over-period comparison contexts. It may be part of a larger data model that includes merchant categorization, customer segmentation, and payment flow classification tables."
  },
  {
    "table_name": "date_",
    "table_description": "data_description: This appears to be a date dimension table or part of a larger merchant analytics dataset that supports time-based analysis for third-party online merchants. The table likely contains date-related fields and possibly pre-aggregated merchant performance metrics including Daily Active Users (DAU), Monthly Active Users (MAU), transaction counts, Gross Merchandise Value (GMV), and Net Revenue (NR). The data structure supports period-over-period analysis with metrics calculated for various time windows including yesterday, 7-day averages, month-to-date (MTD), and last month-to-date (LMTD) comparisons.\n\nbusiness_description: This table supports executive and operational reporting for third-party online merchant performance tracking. It enables business stakeholders to monitor the top 1000 merchants' key performance indicators including user engagement (DAU/MAU), transaction volume, revenue generation (GMV/NR), and growth trends. The table is used for merchant relationship management, performance benchmarking, identifying top-performing partners, and making strategic decisions about merchant partnerships in the online payments ecosystem. It provides critical insights for business development teams, merchant operations, and executive leadership to understand merchant ecosystem health and growth trajectories.",
    "refresh_frequency": "Daily",
    "vertical": "Payments",
    "partition_column": "day_id",
    "remarks": "The table name \"date_\" appears incomplete or truncated. The actual analysis seems to be performed on transaction-level data that gets aggregated. The SQL query shows complex window functions and period calculations, suggesting this might be a derived/aggregated table rather than a raw data table. The focus on \"top 1000 merchants\" indicates this is likely a filtered or ranked dataset of high-value merchant partners.",
    "relationship_context": "This table likely joins with merchant master data (online_merchant_name), customer transaction tables (customer_id, transaction_date_key), and potentially merchant onboarding/configuration tables. It appears to be part of a larger merchant analytics ecosystem where raw transaction data gets aggregated into this summary format. The table supports joins on date dimensions (day_id) and merchant identifiers, and is commonly used with period-over-period analysis patterns. It may also relate to merchant tier classifications and payment flow tables given the UPI and 3P context mentioned in the SQL queries."
  },
  {
    "table_name": "hive.cdo.fact_upi_transactions_snapshot_v3",
    "table_description": "data_description: This is a comprehensive UPI transactions snapshot table that contains denormalized transactional data with pre-calculated business metrics. The table stores transaction-level details including customer information, merchant details, transaction timestamps, and various aggregated metrics like DAU, MAU, transaction counts, GMV, and net revenue. It appears to be structured as a fact table with dimensions like day_id, customer_id, and online_merchant_name, along with measures for business analytics. The table likely contains both raw transaction data and derived metrics calculated at different time granularities (daily, monthly, period-over-period comparisons).\n\nbusiness_description: This table serves as the primary data source for monitoring and analyzing the performance of top online merchants in the UPI ecosystem, particularly focusing on third-party (3P) merchants. It supports executive dashboards and business intelligence reporting by providing key performance indicators such as user engagement metrics (DAU/MAU), transaction volumes, revenue metrics (GMV, NR), and growth calculations across various time periods. The table enables stakeholder reporting on merchant performance, growth tracking, period-over-period comparisons, and supports strategic decision-making for merchant partnerships and UPI product development.",
    "refresh_frequency": "Daily",
    "vertical": "UPI",
    "partition_column": "day_id",
    "remarks": "This appears to be version 3 of the table (indicated by _v3 suffix), suggesting it has undergone multiple iterations and improvements. The table contains pre-aggregated metrics which indicates it's designed for performance optimization in analytical queries. The query shows complex window functions and period-based calculations, suggesting this is a heavily used analytical table.",
    "relationship_context": "This table likely serves as a central fact table in the UPI analytics ecosystem, potentially joining with merchant dimension tables, customer dimension tables, and date dimension tables. It appears to be built from raw transaction tables and is used as a source for merchant performance dashboards. The table may have relationships with merchant onboarding tables, customer profile tables, and other UPI product tables. It's commonly used in queries that require merchant-level aggregations and time-series analysis, often joined on merchant identifiers and date keys for comprehensive merchant performance analysis."
  },
  {
    "table_name": "a",
    "table_description": "data_description: This table contains pre-aggregated merchant performance metrics for third-party online merchants, specifically focusing on the top 1000 performers. The data structure includes various time-based aggregations such as 7-day averages, yesterday's metrics, month-to-date (MTD) and last month-to-date (LMTD) values across key business metrics including Daily Active Users (DAU), Monthly Active Users (MAU), transaction volumes, Gross Merchandise Value (GMV), and Net Revenue (NR). Each record represents a merchant's performance summary with calculated metrics that enable period-over-period growth analysis and trending.\n\nbusiness_description: This table serves as a critical business intelligence asset for monitoring and evaluating the performance of top-tier third-party online merchants within the payment ecosystem. It supports executive dashboards, merchant relationship management, strategic decision-making for partnership priorities, and performance benchmarking initiatives. Business stakeholders use this data to identify high-performing merchants, track growth trends, assess merchant portfolio health, and make data-driven decisions about merchant acquisition and retention strategies. The table enables quick identification of underperforming or rapidly growing merchants, supporting both operational monitoring and strategic planning activities.",
    "refresh_frequency": "Daily",
    "vertical": "Payments",
    "partition_column": "day_id",
    "remarks": "The table appears to be a business-critical summary table used for executive reporting. The SQL shows complex aggregation logic with growth calculations and period comparisons, indicating this is likely a materialized view or summary table that consolidates data from multiple source tables. The focus on \"top 1000 merchants\" suggests this is a curated dataset for high-value merchant monitoring.",
    "relationship_context": "This table appears to be derived from underlying transaction and user activity tables, likely joining merchant master data with transaction volumes and user engagement metrics. The SQL context shows references to customer_id, transaction_date_key, and merchant identifiers, suggesting relationships with customer transaction tables, merchant master tables, and potentially user activity/engagement tables. This summary table likely serves as a key input for merchant performance dashboards and may be referenced by other analytical tables focused on merchant analytics and business intelligence reporting."
  },
  {
    "table_name": "hive.code.campaign_snapshot_v3",
    "table_description": "data_description: The campaign_snapshot_v3 table stores campaign configuration and metadata information. It contains campaign definitions with associated wallet types and is structured to support campaign management operations. The table includes campaign identifiers, wallet associations, and maintains historical snapshots of campaign configurations. It serves as a reference table for mapping campaigns to their respective wallet types and configurations, with data being captured at regular intervals to maintain historical context.\n\nbusiness_description: This table supports UPI SuperCash and promotional campaign operations by providing essential campaign metadata for business intelligence and reporting. It enables the business to track campaign configurations, associate campaigns with specific wallet types, and analyze campaign performance across different wallet categories. The table is primarily used in conjunction with transaction and task tables to provide comprehensive campaign reporting, supporting business decisions around promotional activities, cashback programs, and UPI payment incentives.",
    "refresh_frequency": "Daily",
    "vertical": "UPI",
    "partition_column": "dl_last_updated",
    "remarks": "The table appears to have minimal column information provided, but the SQL context reveals it contains at least 'wallet' and 'campaign' columns. The 62-day retention pattern in the query suggests this is reference data that doesn't need long-term historical storage. The table is primarily used for lookup operations to enrich campaign transaction data.; The table appears to be a configuration/reference table with limited column information provided. It's primarily used as a lookup table for campaign-wallet mappings in promotional activities. The SQL query shows it's filtered for recent data (62 days) and used in joins with supercash task tables.; The table appears to be a reference/dimension table for campaign metadata, specifically used for mapping campaigns to wallet types. The 62-day retention pattern in queries suggests it maintains recent campaign configurations for operational reporting needs.; The table columns information was not provided in the input, but based on the SQL query context, it contains at least 'wallet', 'campaign', and 'dl_last_updated' fields. The table appears to be a reference/lookup table used for campaign categorization rather than storing transactional data.; This appears to be a configuration/metadata table with relatively small data volume, used primarily for lookup operations. The v3 suffix suggests this is an evolved version of the table schema. The 62-day retention window in the query indicates data is kept for approximately 2 months for operational purposes.; This appears to be a reference/lookup table that provides wallet information for campaigns. The table is used as a dimension table in joins to enrich campaign transaction data with wallet details. The 62-day retention period suggests regular cleanup of older campaign configurations.",
    "relationship_context": "This table serves as a lookup/reference table that is joined with hive.promocard.supercash_task_snapshot_v3 to provide campaign metadata (particularly wallet information) for supercash transactions. The relationship is established through the campaign field, enabling enrichment of transactional data with campaign configuration details. It's commonly used in left joins to add campaign metadata to transaction-level analysis and reporting.; This table has a direct relationship with hive.promocard.supercash_task_snapshot_v3, joined on the campaign field to provide wallet information for promotional campaigns. It serves as a dimension table that enriches transaction-level data with campaign metadata. The table is commonly used in left joins to supplement campaign analysis with wallet configuration details, enabling comprehensive reporting on UPI SuperCash promotional activities and cash burn analysis.; This table serves as a reference table that is commonly joined with hive.promocard.supercash_task_snapshot_v3 to provide wallet context for promotional campaigns. It acts as a bridge table connecting campaign identifiers with wallet information, enabling comprehensive reporting on promotional activities. The table is typically used in left joins where the campaign field serves as the join key, providing wallet metadata for supercash and promotional tracking queries.; This table has a direct relationship with hive.promocard.supercash_task_snapshot_v3, serving as a dimension table that provides campaign metadata for transactional SuperCash data. It's joined on the campaign field to enrich task records with wallet type information. The table likely serves as a central reference for various campaign-related analyses and is essential for proper categorization and reporting of UPI SuperCash campaigns across different wallet types.; This table serves as a lookup/dimension table that is commonly joined with transactional tables like supercash_task_snapshot_v3. The primary join key is the 'campaign' field, which links campaign metadata to specific promotional activities and tasks. It provides essential context for campaign-related analysis by mapping campaigns to wallet types, enabling comprehensive reporting on UPI promotional activities across different wallet categories. The table is typically used in left joins to enrich transactional data with campaign configuration details.; This table serves as a lookup/reference table that is commonly joined with transactional tables like hive.promocard.supercash_task_snapshot_v3 based on the 'campaign' field. It provides campaign metadata enrichment for promotional campaign analysis. The table is typically used in left joins to add wallet type classification to campaign transactions, enabling business reporting on campaign performance across different wallet categories in the UPI ecosystem."
  },
  {
    "table_name": "hive.promocard.supercash_task_snapshot_v3",
    "table_description": "data_description: This table contains detailed transaction records for SuperCash promotional tasks and rewards. It stores comprehensive information about each supercash transaction including user identification, transaction status (1=active, 2=inactive), fulfillment status (1=pending, 2=processing, 3=given), monetary amounts, redemption types (coins, goldcoins, upi), campaign associations, and additional metadata stored in JSON format. The table tracks the complete lifecycle of supercash rewards from creation through fulfillment, with timestamps for creation and updates. Key data categories include transaction identifiers, user demographics, financial amounts, status tracking, campaign references, and scratch card information extracted from JSON fields.\n\nbusiness_description: This table supports UPI SuperCash promotional campaigns and reward management operations. It enables businesses to track the burn rate and utilization of promotional supercash rewards across different redemption channels (UPI, coins, gold coins). The table is used for campaign performance analysis, user engagement measurement, financial reconciliation of promotional expenses, and operational monitoring of reward fulfillment processes. It supports business intelligence dashboards that track daily active users, cash burn metrics, campaign effectiveness, and helps in making data-driven decisions about promotional strategies and budget allocation for customer acquisition and retention programs.",
    "refresh_frequency": "Daily",
    "vertical": "UPI",
    "partition_column": "dl_last_updated",
    "remarks": "The table uses JSON extraction for scratch card details and implements complex cash burn calculations based on redemption type. Status mapping logic suggests a sophisticated workflow management system. The \"_v3\" suffix indicates this is likely the third iteration of the table schema, suggesting ongoing evolution of the data model.; The table uses a versioned naming convention (v3) suggesting active development and iterations. JSON fields in 'info' column store additional metadata like scratchCardId and scratched status. The SQL shows complex business logic for calculating actual cashburn based on redemption types with different conversion rates.; The table appears to be a versioned snapshot table (v3) indicating it has undergone schema evolution. The JSON info field contains scratch card details, and the query shows complex status mapping logic for different fulfillment states. The cashback burn calculation varies by redemption type with specific conversion rates.; This is a snapshot table (v3) indicating it's likely the third version of the schema. The table includes complex JSON extraction for scratch card details and sophisticated cashburn calculations based on redemption types. The query patterns suggest it's primarily used for monthly and daily reporting with date-based filtering being common.; This is a versioned snapshot table (v3) indicating schema evolution. The table includes complex business logic for cash burn calculations with different conversion rates based on redemption types. JSON fields suggest flexible metadata storage for campaign-specific information. The query patterns show month-to-date analysis capabilities with sophisticated status mapping logic.; Table appears to be version 3 of the supercash task snapshot, suggesting iterative improvements. The complex cash burn calculation logic indicates sophisticated business rules for different redemption types. The JSON info field containing scratch card data suggests integration with gamification features.",
    "relationship_context": "This table has a direct relationship with hive.code.campaign_snapshot_v3 through the campaign field, enabling analysis of campaign-specific redemption patterns. It likely relates to user tables through user_id for demographic analysis, and potentially to transaction tables for reconciliation. The table serves as a central source for SuperCash redemption tracking and is commonly joined with campaign tables to analyze promotional effectiveness and with wallet/payment tables for financial reconciliation.; This table has a direct relationship with hive.code.campaign_snapshot_v3 through the campaign field, enabling wallet and campaign metadata enrichment. The join pattern suggests it's commonly used alongside campaign configuration tables to provide complete promotional context. The table likely serves as a source for aggregated reporting tables and is joined with user and transaction tables for comprehensive cashback analytics. It appears to be a central table in the UPI promotional ecosystem, feeding data to various downstream reporting and reconciliation processes.; This table has a left join relationship with hive.code.campaign_snapshot_v3 table on the campaign field to retrieve wallet information. It's likely part of a broader ecosystem of promocard and campaign management tables. The table serves as a source for campaign performance analytics and integrates with wallet and payment processing systems. It may also relate to user profile tables through user_id for comprehensive customer analysis.; This table has a key relationship with hive.code.campaign_snapshot_v3 through the campaign field, enabling campaign-level analysis and wallet association. It's likely joined with user tables for demographic analysis and payment tables for transaction correlation. The table serves as a fact table in reward analytics, commonly joined with dimension tables for campaign, user, and temporal analysis. It's frequently used in conjunction with other promocard schema tables for comprehensive reward program reporting and is essential for cross-referencing reward activities with actual payment transactions.; This table has a direct relationship with hive.code.campaign_snapshot_v3 through the campaign field, which provides wallet and campaign configuration details. The join pattern suggests this table serves as a transaction detail layer while campaign_snapshot_v3 provides campaign metadata. The table is likely part of a larger promotional ecosystem that includes user management, campaign management, and financial reconciliation systems. It appears to be a central table for tracking promotional reward transactions across various UPI-related campaigns and is commonly used with campaign configuration tables for comprehensive reporting and analysis.; This table has a clear relationship with hive.code.campaign_snapshot_v3 through the campaign field, which provides wallet information for campaigns. The join pattern suggests this table focuses on task-level details while the campaign table provides campaign-level metadata. It's likely joined with user tables for demographic analysis and potentially with transaction tables for validation of redemption activities. The table serves as a central source for promotional task tracking and is commonly used in conjunction with campaign configuration tables."
  },
  {
    "table_name": "burn",
    "table_description": "data_description: The burn table is a derived dataset that contains comprehensive information about SuperCash campaign redemptions and reward distributions. It includes user redemption activities with detailed status tracking (Given, Processing, Unscratched, Pending), redemption amounts, redemption types (coins, goldcoins, UPI), and calculated cash burn values. The table incorporates timestamp information for tracking when records were created and last updated, campaign identifiers, user IDs, fulfillment status codes, and additional metadata extracted from JSON fields including scratch card information. The cash burn calculation applies different conversion rates based on redemption type to normalize monetary impact.\n\nbusiness_description: This table serves as a critical business intelligence asset for monitoring and analyzing UPI SuperCash promotional campaign performance. It enables business teams to track campaign effectiveness by measuring user engagement, redemption rates, and actual cash burn across different wallet providers and redemption channels. The table supports financial reporting by providing accurate burn calculations for budget tracking and ROI analysis of promotional campaigns. It facilitates operational monitoring of campaign fulfillment processes, helping identify bottlenecks in reward distribution and user experience issues. Business stakeholders use this data for campaign optimization, budget forecasting, and strategic decision-making around promotional offers in the UPI ecosystem.",
    "refresh_frequency": "Daily",
    "vertical": "UPI",
    "partition_column": "dl_last_updated",
    "remarks": "Table appears to be a snapshot table (indicated by naming pattern and dl_last_updated field). Contains complex business logic for status mapping and amount calculations based on redemption types. The JSON info field suggests flexible metadata storage for campaign-specific attributes like scratch cards.; This appears to be a derived table created through complex business logic rather than a base table. The query shows sophisticated cashburn calculations with different rates for different redemption types. The table includes scratch card functionality and campaign-based tracking, indicating this is part of a gamified rewards system.; This appears to be a derived table or CTE rather than a physical table. The actual source table is hive.promocard.supercash_task_snapshot_v3. The table includes complex business logic for cash burn calculations with different multipliers for various redemption types. Status mapping logic converts numeric codes into meaningful business statuses. The query includes month-over-month analysis capabilities and campaign filtering options.; The table name \"burn\" is quite generic and could benefit from a more descriptive naming convention. The SQL shows complex status logic and multiple redemption type calculations, suggesting this is a critical table for financial tracking. The query includes campaign filtering and wallet mapping, indicating integration with broader promotional campaign systems.; Table appears to be a snapshot table (indicated by _snapshot_v3 suffix) with complex business logic for status categorization and cash burn calculations. Contains JSON fields for additional metadata storage and supports multiple redemption types with different conversion rates.; This appears to be a derived table created through CTE (Common Table Expression) rather than a physical table. The cash burn calculation includes specific conversion rates for different redemption types (coins: amount/166.67, goldcoins: amount/100, UPI: amount+0.2478). The table includes JSON parsing for extracting scratch card metadata, indicating a gamification component in the SuperCash campaigns.",
    "relationship_context": "The burn table is derived from two primary source tables: `hive.promocard.supercash_task_snapshot_v3` (main transaction data) and `hive.code.campaign_snapshot_v3` (campaign metadata including wallet information). It serves as an intermediary analytical layer that joins campaign transaction data with campaign configuration data. This table likely feeds into dashboard visualizations and reporting systems for campaign performance monitoring. It may have relationships with user dimension tables, wallet provider tables, and financial reporting aggregations. The table is commonly used in left joins to enrich campaign data with wallet provider context and is filtered by date ranges for period-specific analysis.; The burn table is derived from hive.promocard.supercash_task_snapshot_v3 as the primary source and joined with hive.code.campaign_snapshot_v3 to enrich with wallet/campaign information. It serves as an intermediate analytical layer for UPI SuperCash reporting and likely feeds into higher-level dashboards and financial reports. The table relationships center around campaign tracking and user reward fulfillment processes.; The burn table is derived from hive.promocod.supercash_task_snapshot_v3 as the primary source and joins with hive.code.campaign_snapshot_v3 to enrich campaign data with wallet information. It's commonly used in conjunction with campaign tables for performance analysis and likely relates to user tables for demographic analysis. The table serves as an intermediate layer for UPI promotional analytics, connecting raw transaction data with campaign metadata and user engagement metrics. It's frequently filtered by date ranges and campaign IDs for specific promotional analysis.; This table joins with hive.code.campaign_snapshot_v3 to enrich burn records with campaign wallet information. The relationship is established through the campaign field, providing context about which wallet/program the burn activity belongs to. This suggests the burn table is part of a larger ecosystem involving campaign management, user rewards, and wallet systems for UPI SuperCash programs.; The burn table joins with hive.code.campaign_snapshot_v3 table on campaign field to retrieve wallet information, indicating a relationship with campaign management systems. It likely relates to user tables through user_id for user profiling and engagement analysis. The table serves as a fact table in reward analytics, commonly joined with campaign, user, and wallet dimension tables for comprehensive reward program reporting and analysis.; This table has a relationship with hive.code.campaign_snapshot_v3 through the campaign field, enabling wallet and campaign metadata enrichment. It appears to be part of a larger UPI rewards ecosystem where campaigns drive user tasks that result in cashback burns. The table likely connects to user tables through user_id and may have downstream relationships with financial reconciliation and reporting tables. Common joins would be on campaign for campaign details and user_id for user-specific analytics."
  }
]